TYPE,DATE,STOCK,PRICE,AMT,# OF SHARES,$ SPENT/MADE,CASH AFTER
SUB,1/8/04,A,32.28,0.5,1548.9467162329615,50000.0,x
SUB,8/16/05,A,30.48,2.0,4921.259842519685,150000.0,x
SUB,12/6/99,AA,72.63,0.5,688.4207627702052,50000.0,x
ADD,5/26/00,AA,57.31,0.5,688.4207627702052,39453.393914360466,x
SUB,7/16/14,AA,16.6,1.0,6024.096385542168,100000.0,x
SUB,6/21/95,AAPL,49.38,1.0,2025.1113811259618,100000.0,x
ADD,7/1/97,AAPL,13.19,1.0,2025.1113811259618,26711.219117051434,x
SUB,9/1/99,AAPL,68.63,0.5,728.5443683520327,50000.0,x
SUB,9/2/99,AAPL,70.56,1.0,708.6167800453514,50000.0,x
SUB,9/7/99,AAPL,76.38,2.0,1309.2432573972244,100000.0,x
ADD,7/19/02,AAPL,14.96,0.5,1373.2022028973042,20543.10495534367,x
SUB,11/3/04,AAPL,55.31,2.0,903.995660820828,50000.0,x
SUB,2/3/97,ABC,49.75,0.5,1005.0251256281407,50000.0,x
SUB,4/19/13,ABC,55.92,1.0,894.134477825465,50000.0,x
SUB,1/31/95,ABT,35.38,0.5,1413.2278123233464,50000.0,x
ADD,6/13/02,ABT,35.95,0.5,2826.4556246466927,101611.07970604861,x
SUB,8/16/06,ABT,49.28,0.5,1014.6103896103896,50000.0,x
SUB,1/18/07,ABT,52.79,2.0,2841.4472437961736,150000.0,x
SUB,7/27/00,ACE,36.69,1.0,2725.5382938130283,100000.0,x
SUB,1/6/06,ACN,31.15,1.0,3210.2728731942216,100000.0,x
SUB,10/6/97,ACT,65.13,0.5,767.6953784738216,50000.0,x
ADD,5/3/04,ACT,35.42,0.5,767.6953784738216,27191.770305542763,x
SUB,5/2/11,ACT,63.36,1.0,1578.2828282828284,100000.0,x
SUB,5/15/13,ACT,123.88,2.0,807.2328059412334,100000.0,x
SUB,5/5/97,ADBE,46.5,1.0,2150.537634408602,100000.0,x
ADD,7/31/98,ADBE,32.31,0.5,1075.268817204301,34741.93548387097,x
ADD,8/3/98,ADBE,31.0,2.0,1075.268817204301,33333.333333333336,x
SUB,9/18/03,ADBE,41.52,0.5,1204.2389210019267,50000.0,x
ADD,10/7/08,ADBE,28.69,1.0,2408.4778420038533,69099.22928709055,x
SUB,7/15/97,ADI,32.81,1.0,3047.8512648582746,100000.0,x
SUB,10/28/94,ADM,29.0,2.0,6896.551724137931,200000.0,x
ADD,7/15/08,ADM,28.37,0.5,3639.052817214441,103239.92842437369,x
ADD,10/7/08,ADM,17.04,0.5,3639.052817214441,62009.46000533407,x
ADD,10/8/08,ADM,17.03,1.0,7278.105634428883,123946.13895432388,x
SUB,9/6/95,ADP,68.38,0.5,731.2079555425563,50000.0,x
SUB,9/8/95,ADP,69.25,1.0,722.0216606498195,50000.0,x
SUB,7/31/13,ADS,197.78,1.0,505.61229649105064,100000.0,x
SUB,8/1/13,ADS,203.23,2.0,492.0533385819023,100000.0,x
SUB,3/10/00,ADSK,54.88,1.0,1822.1574344023322,100000.0,x
ADD,3/4/08,ADSK,29.9,0.5,3644.3148688046645,108965.01457725946,x
SUB,4/26/10,ADSK,34.72,1.0,1440.0921658986176,50000.0,x
SUB,5/27/03,AEE,46.49,2.0,4302.0004302000425,200000.0,x
SUB,11/25/97,AEP,49.75,1.0,2010.0502512562814,100000.0,x
SUB,10/6/98,AEP,52.0,2.0,1923.076923076923,100000.0,x
ADD,7/10/02,AEP,35.27,0.5,983.2817935833011,34680.348859683036,x
ADD,7/19/02,AEP,28.3,0.5,983.2817935833011,27826.874758407423,x
ADD,7/22/02,AEP,26.02,1.0,1966.5635871666025,51169.984538075,x
SUB,7/11/05,AEP,38.88,0.5,1286.0082304526748,50000.0,x
SUB,7/12/05,AEP,38.99,1.0,1282.3800974608873,50000.0,x
SUB,1/14/00,AES,83.25,2.0,2402.4024024024025,200000.0,x
ADD,11/6/08,AES,6.61,0.5,1201.2012012012012,7939.939939939941,x
SUB,3/16/04,AET,87.14,0.5,573.7893045673628,50000.0,x
ADD,7/31/06,AET,31.49,1.0,2295.1572182694513,72274.50080330501,x
SUB,11/4/96,AFL,41.5,0.5,1204.8192771084337,50000.0,x
SUB,2/3/04,AFL,39.0,1.0,1282.051282051282,50000.0,x
SUB,10/25/07,AFL,61.76,2.0,1619.1709844559587,100000.0,x
SUB,4/17/98,AIG,139.44,1.0,717.154331612163,100000.0,x
ADD,9/19/01,AIG,69.5,0.5,1008.4982788296043,70090.6303786575,x
ADD,9/21/01,AIG,67.05,2.0,1008.4982788296043,67619.80959552496,x
SUB,8/27/09,AIG,47.84,2.0,4180.602006688963,200000.0,x
SUB,6/8/95,AIV,19.5,0.5,2564.102564102564,50000.0,x
SUB,6/14/95,AIV,19.88,1.0,2515.0905432595573,50000.0,x
ADD,12/17/99,AIV,35.13,0.5,2539.596553681061,89216.02693081567,x
SUB,7/26/00,AIV,47.97,1.0,1042.3181154888473,50000.0,x
ADD,10/9/02,AIV,35.0,0.5,1790.957334584954,62683.50671047339,x
SUB,5/5/05,ALL,57.47,0.5,870.0191404210893,50000.0,x
SUB,2/6/96,ALTR,74.5,1.0,1342.2818791946308,100000.0,x
ADD,9/20/01,ALTR,19.28,0.5,5369.127516778523,103516.77852348993,x
ADD,9/21/01,ALTR,17.92,2.0,5369.127516778523,96214.76510067115,x
SUB,4/23/03,ALTR,16.7,0.5,2994.011976047904,50000.0,x
SUB,10/2/97,ALXN,15.38,0.5,3250.975292587776,50000.0,x
SUB,1/24/00,ALXN,47.06,1.0,1062.4734381640458,50000.0,x
SUB,2/12/14,ALXN,175.86,2.0,568.6341407938132,100000.0,x
SUB,5/17/95,AMAT,80.27,2.0,2491.5908807773767,200000.0,x
SUB,6/4/96,AME,22.25,0.5,2247.191011235955,50000.0,x
SUB,5/5/97,AME,24.13,1.0,2072.1094073767094,50000.0,x
SUB,4/21/06,AME,50.25,2.0,1990.0497512437812,100000.0,x
SUB,3/12/99,AMGN,75.0,0.5,666.6666666666666,50000.0,x
ADD,5/7/02,AMGN,46.54,0.5,1333.3333333333333,62053.33333333333,x
SUB,7/30/08,AMGN,62.3,2.0,3210.2728731942216,200000.0,x
SUB,1/12/00,AMT,38.0,1.0,2631.5789473684213,100000.0,x
SUB,9/23/97,AMZN,55.5,2.0,3603.6036036036035,200000.0,x
SUB,6/12/96,AN,32.25,2.0,6201.550387596899,200000.0,x
ADD,10/7/98,AN,11.94,0.5,1550.3875968992247,18511.62790697674,x
ADD,10/8/98,AN,11.25,0.5,1550.3875968992245,17441.860465116275,x
ADD,1/7/08,AN,13.8,1.0,3100.7751937984494,42790.6976744186,x
SUB,10/9/95,AON,43.75,2.0,4571.428571428572,200000.0,x
SUB,6/15/95,APA,30.75,0.5,1626.0162601626016,50000.0,x
SUB,10/7/04,APA,52.5,1.0,952.3809523809524,50000.0,x
SUB,4/27/00,APC,42.13,0.5,1186.8027533823877,50000.0,x
SUB,4/28/00,APC,43.44,2.0,3453.038674033149,150000.0,x
ADD,6/4/12,APC,57.12,0.5,2319.9207137077683,132513.87116698772,x
SUB,7/7/95,APD,58.88,0.5,849.1847826086956,50000.0,x
SUB,7/10/95,APD,59.25,2.0,2531.6455696202534,150000.0,x
ADD,8/3/98,APD,34.94,1.0,3380.830352228949,118126.21250687947,x
ADD,8/4/98,APD,33.31,1.0,3380.830352228949,112615.4590327463,x
SUB,2/25/05,APD,63.2,1.0,1582.2784810126582,100000.0,x
SUB,4/7/00,APH,118.63,0.5,421.47854674197083,50000.0,x
SUB,8/1/05,ARG,29.63,2.0,6749.915626054674,200000.0,x
SUB,1/6/06,ATI,40.48,2.0,4940.711462450593,200000.0,x
ADD,7/25/08,ATI,45.46,0.5,1235.1778656126482,56151.18577075099,x
SUB,3/4/04,AVB,53.14,1.0,1881.821603312006,100000.0,x
SUB,10/28/94,AVP,63.63,1.0,1571.5857300015716,100000.0,x
SUB,1/31/96,AVY,53.38,1.0,1873.3608092918696,100000.0,x
SUB,2/15/96,AVY,56.63,2.0,1765.8484901995407,100000.0,x
ADD,11/20/08,AVY,25.02,0.5,909.8023248728525,22763.25416831877,x
ADD,2/17/09,AVY,21.33,1.0,1819.604649745705,38812.167179075885,x
ADD,3/3/09,AVY,18.21,0.5,909.8023248728528,16567.50033593465,x
SUB,12/19/14,AVY,51.97,0.5,962.0935154897056,50000.0,x
SUB,12/24/96,AXP,59.63,1.0,1677.008217340265,100000.0,x
SUB,6/15/01,AZO,37.46,1.0,2669.5141484249866,100000.0,x
SUB,6/18/01,AZO,38.85,2.0,2574.002574002574,100000.0,x
SUB,6/10/97,BA,57.5,1.0,1739.1304347826087,100000.0,x
ADD,3/8/00,BA,33.38,0.5,869.5652173913044,29026.086956521744,x
ADD,3/10/00,BA,32.38,0.5,869.5652173913044,28156.52173913044,x
SUB,7/25/00,BA,48.63,1.0,2056.3438206868186,100000.0,x
SUB,9/26/00,BA,66.06,2.0,1513.7753557372087,100000.0,x
ADD,9/17/01,BA,35.8,1.0,1785.0595882120138,63905.133257990085,x
ADD,9/18/01,BA,33.14,2.0,1785.0595882120138,59156.874753346136,x
SUB,2/20/15,BA,158.31,2.0,1263.3440717579433,200000.0,x
SUB,1/22/97,BAC,109.63,1.0,912.1590805436468,100000.0,x
ADD,11/16/00,BAC,41.88,0.5,912.1590805436468,38201.222293167935,x
ADD,11/17/00,BAC,40.31,0.5,912.1590805436468,36769.13253671441,x
SUB,2/17/95,BAX,31.0,1.0,3225.8064516129034,100000.0,x
ADD,3/14/03,BAX,19.65,1.0,6451.612903225807,126774.19354838709,x
SUB,4/25/07,BAX,57.4,1.0,1742.1602787456447,100000.0,x
SUB,4/1/99,BBBY,37.63,0.5,1328.7270794578792,50000.0,x
SUB,4/15/11,BBBY,55.84,1.0,895.4154727793696,50000.0,x
SUB,6/27/96,BBT,30.75,1.0,3252.032520325203,100000.0,x
SUB,6/28/96,BBT,31.75,2.0,3149.6062992125985,100000.0,x
SUB,12/4/97,BBY,35.94,0.5,1391.2075681691708,50000.0,x
SUB,12/8/97,BBY,38.5,1.0,1298.7012987012988,50000.0,x
ADD,7/22/02,BBY,29.35,1.0,16139.45320122282,473692.9514558898,x
SUB,6/15/05,BBY,69.31,0.5,721.3966238638003,50000.0,x
ADD,10/7/08,BBY,30.34,0.5,1082.0949357957004,32830.76035204155,x
SUB,3/21/03,BCR,63.56,0.5,786.6582756450598,50000.0,x
SUB,12/21/07,BCR,93.7,2.0,1600.8537886872998,150000.0,x
SUB,12/6/95,BDX,74.0,2.0,2702.7027027027025,200000.0,x
ADD,10/27/08,BDX,63.92,1.0,5405.405405405405,345513.5135135135,x
ADD,10/28/08,BDX,65.53,0.5,2702.7027027027025,177108.1081081081,x
SUB,5/2/11,BDX,86.85,1.0,575.7052389176741,50000.0,x
SUB,2/6/13,BDX,87.88,2.0,1137.915339098771,100000.0,x
SUB,9/26/96,BEN,66.13,0.5,756.0864962951762,50000.0,x
SUB,11/6/96,BEN,74.38,1.0,672.2237160527023,50000.0,x
SUB,1/29/01,BEN,47.05,2.0,2125.3985122210415,100000.0,x
ADD,9/20/01,BEN,33.54,0.5,1602.5822873161692,53750.60991658431,x
ADD,9/21/01,BEN,31.9,1.0,3205.1645746323384,102244.74993077159,x
SUB,7/8/05,BEN,82.86,2.0,1810.2824040550327,150000.0,x
ADD,6/7/10,BEN,88.65,0.5,853.2161728428006,75637.61372251427,x
SUB,4/21/95,BHI,22.5,1.0,4444.444444444444,100000.0,x
SUB,12/13/95,BHI,23.88,2.0,4187.604690117253,100000.0,x
SUB,12/21/95,BIIB,17.38,1.0,5753.739930955121,100000.0,x
SUB,12/22/95,BIIB,20.63,2.0,4847.309743092584,100000.0,x
SUB,6/6/95,BK,43.38,2.0,4610.419548178884,200000.0,x
ADD,10/4/02,BK,22.58,2.0,18441.678192715535,416413.0935915168,x
SUB,5/15/13,BK,30.21,0.5,1655.0810989738497,50000.0,x
SUB,7/24/14,BK,39.77,1.0,1257.2290671360322,50000.0,x
SUB,1/6/04,BLK,57.25,1.0,1746.7248908296942,100000.0,x
SUB,1/23/06,BLK,128.18,2.0,780.1529099703541,100000.0,x
SUB,9/6/01,BLL,58.27,2.0,3432.297923459756,200000.0,x
SUB,2/13/96,BMS,33.38,2.0,5991.611743559017,200000.0,x
SUB,10/24/95,BMY,77.63,2.0,2576.323586242432,200000.0,x
ADD,3/24/04,BMY,24.0,0.5,2706.8563184889235,64964.551643734165,x
ADD,10/21/05,BMY,21.45,0.5,2706.8563184889235,58062.068031587405,x
SUB,1/7/99,BRCM,172.75,1.0,578.8712011577423,100000.0,x
SUB,1/8/99,BRCM,179.25,2.0,557.8800557880056,100000.0,x
ADD,7/24/06,BRCM,23.0,0.5,1705.1268854186221,39217.918364628305,x
ADD,7/26/06,BRCM,22.02,0.5,1705.1268854186221,37546.89401691806,x
SUB,6/16/95,BSX,31.25,0.5,1600.0,50000.0,x
SUB,7/27/95,BSX,37.5,1.0,1333.3333333333333,50000.0,x
SUB,10/2/02,BSX,35.6,2.0,2808.9887640449438,100000.0,x
ADD,8/9/04,BSX,32.12,0.5,4337.827715355805,139331.02621722844,x
ADD,7/26/07,BSX,13.64,1.0,8675.65543071161,118335.94007490635,x
ADD,7/27/07,BSX,13.36,1.0,4337.827715355805,57953.37827715355,x
SUB,1/22/13,BSX,6.86,2.0,29154.518950437316,200000.0,x
SUB,5/12/03,BTU,30.63,0.5,1632.3865491348351,50000.0,x
SUB,11/22/04,BTU,78.79,1.0,634.5982992765579,50000.0,x
SUB,11/23/04,BTU,78.89,2.0,1267.5877804537963,100000.0,x
SUB,7/7/03,BXP,45.5,0.5,1098.901098901099,50000.0,x
SUB,3/17/06,BXP,96.02,2.0,1562.1745469693815,150000.0,x
ADD,7/27/07,BXP,92.82,0.5,665.2689114676201,61750.260362424495,x
ADD,11/21/07,BXP,91.04,0.5,665.2689114676201,60566.08170001214,x
SUB,3/21/95,CAG,33.5,0.5,1492.5373134328358,50000.0,x
SUB,11/17/00,CAG,26.13,2.0,5740.52812858783,150000.0,x
SUB,10/9/97,CAM,80.63,0.5,620.1165819174005,50000.0,x
ADD,9/19/01,CAM,35.0,0.5,620.1165819174005,21704.080367109018,x
SUB,10/11/07,CAM,103.53,2.0,1931.807205640877,200000.0,x
SUB,6/10/97,CAT,103.63,1.0,964.9715333397666,100000.0,x
SUB,6/12/97,CAT,105.75,2.0,945.6264775413712,100000.0,x
ADD,9/24/02,CAT,36.86,0.5,955.2990054405689,35212.32134053937,x
SUB,8/18/03,CAT,73.04,2.0,684.5564074479737,50000.0,x
ADD,8/22/11,CAT,79.89,0.5,1775.22671188484,141822.86201247986,x
ADD,9/23/11,CAT,73.86,0.5,1775.22671188484,131118.24493981426,x
SUB,9/15/95,CB,95.13,0.5,525.5965520866183,50000.0,x
SUB,6/10/97,CB,64.0,1.0,781.25,50000.0,x
SUB,6/12/97,CB,67.25,2.0,1486.988847583643,100000.0,x
ADD,9/28/99,CB,50.31,0.5,829.8579879392199,41750.15537322216,x
ADD,9/29/99,CB,49.69,0.5,829.8579879392198,41235.64342069983,x
ADD,7/17/02,CB,61.8,0.5,829.8579879392199,51285.22365464379,x
ADD,7/18/02,CB,58.09,2.0,829.8579879392199,48206.45051938929,x
SUB,10/21/11,CB,68.71,2.0,2910.7844564110032,200000.0,x
SUB,9/18/95,CCE,25.0,0.5,2000.0,50000.0,x
SUB,12/5/97,CCE,34.25,1.0,1459.85401459854,50000.0,x
ADD,12/9/99,CCE,16.94,1.0,3459.85401459854,58609.927007299266,x
SUB,5/17/02,CCE,22.43,1.0,4458.314757021846,100000.0,x
SUB,12/14/99,CCI,27.31,0.5,1830.8311973636032,50000.0,x
ADD,10/7/08,CCI,22.02,0.5,1830.8311973636032,40314.902965946545,x
SUB,3/12/12,CCI,54.95,0.5,909.9181073703367,50000.0,x
SUB,5/30/95,CELG,8.38,0.5,5966.587112171837,50000.0,x
SUB,5/31/95,CELG,9.0,1.0,5555.555555555556,50000.0,x
SUB,6/1/95,CELG,9.25,2.0,10810.81081081081,100000.0,x
SUB,5/5/05,CERN,62.84,2.0,3182.686187141948,200000.0,x
SUB,12/27/06,CF,26.39,0.5,1894.6570670708602,50000.0,x
SUB,1/12/07,CF,29.03,1.0,1722.356183258698,50000.0,x
SUB,2/22/07,CF,38.76,2.0,2579.979360165119,100000.0,x
SUB,4/24/95,CHK,28.0,1.0,3571.4285714285716,100000.0,x
SUB,1/26/96,CHK,43.88,2.0,2278.94257064722,100000.0,x
ADD,6/27/97,CHK,9.13,1.0,11454.128141685114,104576.1899335851,x
ADD,7/2/97,CHK,8.44,0.5,5727.064070842557,48336.42075791118,x
ADD,9/30/98,CHK,1.19,0.5,5727.064070842557,6815.2062443026425,x
SUB,7/3/00,CHK,8.13,2.0,24600.246002460022,200000.0,x
ADD,10/7/08,CHK,22.4,1.0,12300.123001230011,275522.7552275522,x
ADD,10/8/08,CHK,22.41,0.5,6150.061500615006,137822.87822878227,x
SUB,2/2/11,CHK,30.51,2.0,4916.420845624385,150000.0,x
SUB,2/3/99,CHRW,29.63,0.5,1687.4789065136686,50000.0,x
SUB,2/28/00,CHRW,49.5,1.0,1010.10101010101,50000.0,x
SUB,2/29/00,CHRW,51.0,2.0,1960.7843137254902,100000.0,x
SUB,11/23/98,CI,82.19,1.0,1216.6930283489476,100000.0,x
ADD,10/11/99,CI,70.19,0.5,608.3465141744738,42699.84182990631,x
ADD,10/12/99,CI,69.63,1.0,608.3465141744738,42359.16778196861,x
SUB,12/10/04,CI,81.0,0.5,617.283950617284,50000.0,x
SUB,3/7/97,CL,113.75,2.0,1758.2417582417581,200000.0,x
SUB,1/28/98,CLF,48.63,2.0,4112.687641373637,200000.0,x
ADD,8/27/98,CLF,39.69,1.0,2056.3438206868186,81616.28624305983,x
ADD,8/28/98,CLF,38.94,2.0,2056.3438206868186,80074.02837754472,x
SUB,11/5/03,CLF,34.3,0.5,1457.725947521866,50000.0,x
SUB,11/6/03,CLF,36.1,2.0,4155.124653739612,150000.0,x
ADD,9/25/14,CLF,11.44,1.0,22451.402405045912,256844.04351372522,x
ADD,9/26/14,CLF,10.94,2.0,22451.402405045912,245618.34231120226,x
SUB,11/10/94,CLX,55.25,0.5,904.9773755656108,50000.0,x
SUB,11/15/94,CLX,56.63,1.0,882.9242450997704,50000.0,x
ADD,7/17/02,CLX,35.0,0.5,3575.8032413307624,125153.11344657668,x
ADD,7/18/02,CLX,33.65,0.5,3575.8032413307624,120325.77907078015,x
SUB,11/15/13,CLX,93.6,2.0,2136.7521367521367,200000.0,x
SUB,6/6/95,CMA,32.63,1.0,3064.664419246092,100000.0,x
ADD,8/31/98,CMA,52.25,1.0,4596.9966288691385,240193.07385841248,x
SUB,2/21/07,CMA,63.19,0.5,791.2644405760406,50000.0,x
ADD,10/18/07,CMA,47.36,0.5,791.2644405760406,37474.28390568128,x
SUB,6/16/95,CMCSA,18.63,2.0,10735.373054213635,200000.0,x
ADD,11/12/07,CMCSA,18.94,1.0,16103.059581320453,304991.9484702094,x
SUB,1/19/99,CMCSK,67.81,1.0,1474.708745022858,100000.0,x
SUB,4/20/04,CME,116.11,0.5,430.6261303935923,50000.0,x
SUB,5/3/07,CMG,79.01,0.5,632.8312871788381,50000.0,x
SUB,11/5/10,CMG,230.56,1.0,216.86328938237335,50000.0,x
SUB,7/18/97,CMI,80.38,0.5,622.0452848967406,50000.0,x
SUB,7/21/97,CMI,79.06,1.0,632.4310650139134,50000.0,x
SUB,12/19/97,CMS,41.0,1.0,2439.0243902439024,100000.0,x
SUB,12/23/97,CMS,42.44,2.0,2356.26767200754,100000.0,x
ADD,9/20/01,CMS,21.14,0.5,1198.8230155628607,25343.11854899888,x
SUB,4/6/98,CNP,29.88,0.5,1673.360107095047,50000.0,x
SUB,9/29/00,CNP,46.5,2.0,3225.8064516129034,150000.0,x
ADD,10/6/08,CNP,12.73,2.0,4899.166558707951,62366.39029235221,x
SUB,5/10/11,CNP,19.26,0.5,2596.0539979231567,50000.0,x
SUB,3/5/13,CNP,21.86,1.0,2287.2827081427263,50000.0,x
SUB,6/14/00,CNX,15.63,1.0,6397.952655150351,100000.0,x
ADD,7/3/02,CNX,20.09,0.5,3198.9763275751757,64267.43442098528,x
ADD,7/23/02,CNX,11.2,0.5,3198.9763275751757,35828.53486884196,x
SUB,4/26/04,CNX,30.86,1.0,3240.4406999351913,100000.0,x
SUB,7/21/05,CNX,66.05,2.0,1514.0045420136262,100000.0,x
ADD,1/7/15,CNX,31.05,0.5,1188.6113104872043,36906.38119062769,x
SUB,10/15/96,COF,33.88,0.5,1475.7969303423847,50000.0,x
SUB,7/1/98,COF,125.38,1.0,398.78768543627376,50000.0,x
SUB,5/6/03,COF,46.6,2.0,2145.9227467811156,100000.0,x
SUB,8/27/97,COG,23.0,0.5,2173.913043478261,50000.0,x
SUB,8/28/97,COG,23.06,1.0,2168.256721595837,50000.0,x
SUB,10/29/03,COH,36.17,0.5,1382.3610727121923,50000.0,x
SUB,11/16/06,COH,42.34,1.0,1180.9163911195087,50000.0,x
SUB,2/21/14,COL,81.97,1.0,1219.9585214102722,100000.0,x
SUB,10/28/94,COP,36.75,0.5,1360.544217687075,50000.0,x
SUB,3/6/96,COP,38.25,1.0,1307.18954248366,50000.0,x
ADD,8/6/98,COP,41.5,0.5,1834.0669601173804,76113.77884487128,x
SUB,12/18/03,COP,63.95,1.0,781.8608287724785,50000.0,x
SUB,7/12/07,COP,88.64,2.0,1128.158844765343,100000.0,x
SUB,3/18/96,COST,19.5,2.0,10256.410256410256,200000.0,x
ADD,5/24/00,COST,31.88,0.5,5128.205128205128,163487.17948717947,x
ADD,5/25/00,COST,30.0,0.5,5128.205128205127,153846.15384615381,x
ADD,11/12/08,COST,48.78,0.5,5128.205128205128,250153.84615384616,x
SUB,9/6/96,CPB,73.13,0.5,683.7139340899768,50000.0,x
SUB,9/10/96,CPB,76.38,1.0,654.6216286986122,50000.0,x
ADD,1/20/00,CPB,32.19,0.5,1338.335562788589,43081.021766164675,x
ADD,1/24/00,CPB,31.25,0.5,1338.335562788589,41822.986337143404,x
SUB,9/8/03,CPB,26.61,0.5,1878.9928598271326,50000.0,x
SUB,3/26/13,CPB,44.3,1.0,1128.6681715575621,50000.0,x
SUB,7/26/95,CSC,60.5,1.0,1652.892561983471,100000.0,x
SUB,7/27/95,CSC,61.0,2.0,1639.344262295082,100000.0,x
ADD,10/7/08,CSC,33.26,0.5,1646.1184121392766,54749.898387752335,x
ADD,10/8/08,CSC,32.54,0.5,1646.1184121392766,53564.69313101206,x
ADD,10/9/08,CSC,30.68,1.0,3292.2368242785537,101005.82576886602,x
SUB,12/3/14,CSC,66.23,0.5,754.9448890231013,50000.0,x
SUB,7/20/98,CSCO,103.19,0.5,484.54307587944567,50000.0,x
SUB,2/10/00,CSCO,135.94,1.0,367.80932764454906,50000.0,x
SUB,6/13/97,CSX,55.75,0.5,896.8609865470852,50000.0,x
SUB,4/5/06,CSX,63.2,2.0,2373.417721518987,150000.0,x
SUB,11/18/96,CTAS,62.5,0.5,800.0,50000.0,x
SUB,11/19/96,CTAS,62.75,1.0,796.8127490039841,50000.0,x
ADD,2/20/03,CTAS,32.4,0.5,2395.2191235059763,77605.09960159363,x
SUB,12/19/14,CTAS,79.23,2.0,1893.222264293828,150000.0,x
SUB,7/8/97,CTL,34.5,0.5,1449.2753623188405,50000.0,x
ADD,10/27/08,CTL,25.62,2.0,3260.8695652173915,83543.47826086957,x
SUB,12/8/99,CTSH,79.0,0.5,632.9113924050633,50000.0,x
SUB,10/24/05,CTXS,27.42,1.0,3646.973012399708,100000.0,x
SUB,5/8/06,CTXS,45.16,2.0,2214.348981399469,100000.0,x
SUB,6/10/97,CVC,49.0,2.0,4081.6326530612246,200000.0,x
ADD,9/17/01,CVC,40.0,0.5,4081.6326530612246,163265.306122449,x
ADD,9/18/01,CVC,38.15,0.5,4081.6326530612246,155714.2857142857,x
ADD,2/20/02,CVC,32.5,1.0,8163.26530612245,265306.12244897964,x
SUB,1/8/04,CVC,25.9,2.0,7722.007722007723,200000.0,x
ADD,10/8/08,CVC,17.36,0.5,1930.5019305019307,33513.51351351351,x
ADD,10/10/08,CVC,15.53,0.5,1930.5019305019307,29980.69498069498,x
SUB,7/2/13,CVC,19.02,2.0,5257.6235541535225,100000.0,x
SUB,4/10/96,CVS,38.38,0.5,1302.7618551328817,50000.0,x
SUB,6/6/96,CVS,44.13,1.0,1133.0160888284613,50000.0,x
ADD,8/1/01,CVS,35.06,2.0,4871.555887922686,170796.74943056938,x
SUB,11/4/04,CVS,46.9,1.0,2132.1961620469083,100000.0,x
ADD,10/7/08,CVS,29.13,0.5,2132.1961620469083,62110.874200426435,x
ADD,10/8/08,CVS,29.84,0.5,2132.1961620469083,63624.73347547974,x
SUB,12/12/95,CVX,52.75,0.5,947.8672985781991,50000.0,x
SUB,1/4/96,CVX,54.5,1.0,917.4311926605504,50000.0,x
SUB,1/5/96,CVX,55.38,2.0,1805.7060310581437,100000.0,x
ADD,2/5/14,CVX,109.52,0.5,917.7511305742233,100512.10382048893,x
ADD,10/15/14,CVX,109.27,1.0,1835.5022611484467,200565.33207569076,x
SUB,9/11/00,D,58.75,0.5,851.063829787234,50000.0,x
ADD,7/23/02,D,49.97,0.5,851.063829787234,42527.65957446808,x
SUB,9/19/05,D,83.94,0.5,595.6635692161068,50000.0,x
ADD,10/8/08,D,37.55,0.5,1191.3271384322136,44734.33404812962,x
SUB,5/10/99,DD,74.88,0.5,667.7350427350427,50000.0,x
SUB,12/15/04,DD,48.39,2.0,3099.81401115933,150000.0,x
SUB,5/15/95,DE,89.75,0.5,557.1030640668523,50000.0,x
SUB,4/18/06,DE,88.56,1.0,564.5889792231255,50000.0,x
ADD,9/29/08,DE,47.76,1.0,4471.796342847365,213572.99333439014,x
SUB,4/2/14,DE,91.9,1.0,1088.139281828074,100000.0,x
SUB,6/9/98,DGX,22.94,0.5,2179.598953792502,50000.0,x
SUB,4/14/00,DGX,44.5,1.0,1123.5955056179776,50000.0,x
SUB,4/17/00,DGX,50.25,2.0,1990.0497512437812,100000.0,x
ADD,7/23/02,DGX,55.0,0.5,2646.6221053271306,145564.21579299218,x
SUB,7/19/01,DHI,29.78,0.5,1678.9791806581597,50000.0,x
ADD,6/7/06,DHI,23.31,0.5,5036.937541974479,117411.0141034251,x
SUB,9/14/12,DHI,21.99,1.0,4547.521600727604,100000.0,x
SUB,9/10/09,DHR,67.4,0.5,741.8397626112759,50000.0,x
SUB,2/9/11,DIS,43.36,0.5,1153.1365313653137,50000.0,x
SUB,11/6/14,DLTR,62.11,0.5,805.0233456770246,50000.0,x
SUB,11/20/14,DLTR,65.87,1.0,759.0708972218005,50000.0,x
SUB,11/21/14,DLTR,66.39,2.0,1506.2509414068384,100000.0,x
SUB,11/16/06,DNB,82.0,0.5,609.7560975609756,50000.0,x
SUB,11/17/06,DNB,83.02,1.0,602.2645145748013,50000.0,x
ADD,2/9/10,DNB,71.04,2.0,1212.020612135777,86101.9442861256,x
SUB,10/29/07,DNR,56.09,0.5,891.4244963451595,50000.0,x
ADD,10/7/08,DNR,11.72,1.0,1782.848992690319,20894.990194330538,x
SUB,1/16/97,DO,73.0,1.0,1369.86301369863,100000.0,x
ADD,7/13/98,DO,34.31,0.5,684.931506849315,23500.0,x
SUB,3/3/04,DO,26.23,1.0,1906.2142584826533,50000.0,x
ADD,9/18/14,DO,38.15,1.0,2591.1457653319685,98852.2109474146,x
SUB,6/20/95,DOV,71.0,0.5,704.2253521126761,50000.0,x
SUB,6/24/97,DOV,63.38,1.0,788.8923950773114,50000.0,x
ADD,7/22/02,DOV,29.53,1.0,4394.686198605327,129775.08344481532,x
SUB,6/4/03,DOV,32.58,1.0,3069.367710251688,100000.0,x
SUB,2/8/96,DOW,78.88,2.0,2535.4969574036513,200000.0,x
ADD,1/14/02,DOW,27.05,2.0,7606.490872210954,205755.5780933063,x
SUB,5/13/11,DPS,41.78,1.0,2393.4897079942557,100000.0,x
SUB,2/27/04,DRI,24.4,2.0,8196.72131147541,200000.0,x
ADD,1/8/08,DRI,23.64,2.0,8196.72131147541,193770.4918032787,x
SUB,10/8/98,DTE,49.06,0.5,1019.160211985324,50000.0,x
ADD,10/7/08,DTE,36.15,0.5,1019.160211985324,36842.64166326946,x
SUB,3/9/11,DTE,49.17,1.0,2033.760423022168,100000.0,x
SUB,2/7/96,DUK,51.13,0.5,977.8994719342851,50000.0,x
SUB,2/13/96,DUK,52.63,2.0,2850.0855025650767,150000.0,x
ADD,7/16/02,DUK,22.26,1.0,3827.9849744993617,85210.94553235579,x
ADD,7/18/02,DUK,20.72,0.5,1913.9924872496808,39657.92433581338,x
ADD,9/25/02,DUK,18.35,0.5,1913.9924872496808,35121.76214103165,x
SUB,10/20/06,DUK,31.89,0.5,1567.8896205707117,50000.0,x
SUB,2/1/11,DVN,89.45,0.5,558.9714924538848,50000.0,x
ADD,8/22/11,DVN,62.97,0.5,558.9714924538848,35198.43487982113,x
SUB,9/24/96,EA,39.25,1.0,2547.770700636943,100000.0,x
ADD,9/29/08,EA,36.0,0.5,1273.8853503184714,45859.87261146497,x
ADD,10/7/08,EA,29.11,1.0,1273.8853503184714,37082.802547770705,x
SUB,12/21/98,EBAY,296.38,1.0,337.4046831770025,100000.0,x
ADD,5/8/06,EBAY,31.32,0.5,4048.85619812403,126810.17612524462,x
ADD,10/7/08,EBAY,16.5,1.0,4048.85619812403,66806.1272690465,x
SUB,2/28/14,EBAY,58.77,0.5,850.7742045261188,50000.0,x
SUB,11/11/96,ECL,39.25,0.5,1273.8853503184714,50000.0,x
SUB,6/16/97,ECL,45.0,1.0,1111.111111111111,50000.0,x
SUB,12/29/98,ECL,37.69,2.0,2653.223666755108,100000.0,x
ADD,2/29/00,ECL,28.25,0.5,1855.804147403568,52426.467164150796,x
SUB,9/21/07,ECL,46.28,2.0,1080.3802938634399,50000.0,x
ADD,11/12/08,ECL,30.62,0.5,3053.801294571212,93507.39563977052,x
SUB,11/25/97,ED,38.0,1.0,2631.5789473684213,100000.0,x
SUB,12/12/97,ED,40.0,2.0,2500.0,100000.0,x
ADD,7/18/02,ED,36.35,0.5,1282.8947368421054,46633.223684210534,x
ADD,7/19/02,ED,34.87,1.0,2565.789473684211,89469.07894736843,x
ADD,7/22/02,ED,35.44,0.5,1282.8947368421054,45465.78947368421,x
SUB,3/26/07,ED,50.93,0.5,981.7396426467701,50000.0,x
ADD,11/7/12,ED,56.26,0.5,981.7396426467701,55232.67229530728,x
SUB,2/10/95,EFX,30.5,0.5,1639.344262295082,50000.0,x
SUB,2/13/95,EFX,31.63,1.0,1580.7777426493835,50000.0,x
SUB,6/17/97,EFX,36.13,2.0,2767.783005812344,100000.0,x
SUB,4/5/05,EIX,35.98,1.0,2779.3218454697057,100000.0,x
ADD,10/9/08,EIX,31.56,1.0,2779.3218454697057,87715.3974430239,x
SUB,3/31/14,EIX,56.61,0.5,883.2361773538245,50000.0,x
SUB,4/1/14,EIX,56.62,2.0,2649.240551042035,150000.0,x
SUB,9/22/97,EMC,61.75,1.0,1619.4331983805669,100000.0,x
SUB,2/9/11,EMC,27.08,2.0,3692.7621861152143,100000.0,x
SUB,6/26/97,EMN,64.25,1.0,1556.420233463035,100000.0,x
ADD,9/23/99,EMN,40.0,1.0,1556.420233463035,62256.8093385214,x
SUB,12/16/04,EMN,57.28,0.5,872.9050279329608,50000.0,x
ADD,3/3/09,EMN,18.91,0.5,872.9050279329608,16506.63407821229,x
SUB,7/7/95,EMR,75.25,0.5,664.4518272425249,50000.0,x
SUB,5/3/99,EMR,66.44,1.0,752.5586995785671,50000.0,x
SUB,12/1/05,EMR,77.24,2.0,1294.6659761781461,100000.0,x
SUB,3/31/95,EOG,24.63,2.0,8120.178643930167,200000.0,x
ADD,8/28/98,EOG,13.44,0.5,2030.0446609825417,27283.80024360536,x
ADD,8/31/98,EOG,13.0,0.5,2030.0446609825417,26390.580592773043,x
ADD,9/20/01,EOG,27.89,0.5,2030.044660982542,56617.945594803095,x
ADD,7/23/02,EOG,30.93,1.0,2030.044660982542,62789.28136419002,x
SUB,4/19/04,EOG,50.09,0.5,998.2032341784786,50000.0,x
SUB,6/17/04,EOG,58.27,1.0,858.074480864939,50000.0,x
ADD,6/13/06,EOG,57.36,0.5,1856.2777150434176,106476.08973489044,x
SUB,7/11/05,EQR,39.53,1.0,2529.7242600556538,100000.0,x
SUB,3/30/00,EQT,45.44,0.5,1100.3521126760563,50000.0,x
SUB,5/31/05,EQT,63.56,1.0,786.6582756450598,50000.0,x
SUB,6/1/05,EQT,65.57,2.0,1525.0876925423213,100000.0,x
SUB,11/2/98,ESRX,52.94,0.5,944.4654325651682,50000.0,x
SUB,12/21/00,ESRX,96.31,1.0,519.1568892119199,50000.0,x
SUB,12/28/00,ESRX,105.44,2.0,948.4066767830046,100000.0,x
ADD,11/1/06,ESRX,59.99,0.5,3356.4944311252607,201356.1009232044,x
SUB,4/27/99,ESV,18.25,0.5,2739.72602739726,50000.0,x
SUB,9/27/04,ESV,32.62,1.0,1532.8019619865115,50000.0,x
ADD,9/24/14,ESV,42.45,0.5,2136.2639946918857,90684.40657467056,x
ADD,9/25/14,ESV,41.91,1.0,2136.2639946918857,89530.82401753693,x
SUB,12/23/98,ETFC,44.75,2.0,4469.27374301676,200000.0,x
ADD,5/24/00,ETFC,13.94,1.0,2234.63687150838,31150.837988826814,x
ADD,9/25/07,ETFC,11.89,0.5,1117.31843575419,13284.91620111732,x
ADD,10/19/07,ETFC,10.71,1.0,1117.31843575419,11966.480446927375,x
SUB,3/30/95,ETN,55.75,2.0,3587.4439461883408,200000.0,x
ADD,7/16/08,ETN,73.37,1.0,4134.428888081527,303343.0475185416,x
ADD,10/13/14,ETN,58.27,0.5,4134.428888081527,240913.17130851056,x
SUB,12/10/04,EW,41.75,0.5,1197.6047904191616,50000.0,x
SUB,12/15/10,EW,81.26,2.0,1845.9266551809008,150000.0,x
SUB,8/2/04,EXC,35.44,1.0,2821.6704288939054,100000.0,x
ADD,5/20/10,EXC,39.31,0.5,1410.8352144469527,55459.93227990971,x
ADD,11/5/12,EXC,32.01,0.5,1410.8352144469527,45160.83521444695,x
SUB,10/14/96,EXPD,42.0,1.0,2380.9523809523807,100000.0,x
SUB,11/1/05,EXPD,64.52,2.0,1549.9070055796653,100000.0,x
SUB,3/6/98,F,59.94,0.5,834.1675008341675,50000.0,x
SUB,4/9/98,F,46.88,2.0,3199.6587030716723,150000.0,x
ADD,9/24/02,F,9.34,0.5,2027.0176879457063,18932.345205412897,x
ADD,10/8/02,F,7.75,0.5,2027.017687945706,15709.387081579222,x
ADD,10/9/02,F,7.15,0.5,2027.0176879457063,14493.1764688118,x
ADD,3/18/05,F,11.39,1.0,2027.0176879457063,23087.731465701596,x
SUB,11/5/10,F,16.21,2.0,12338.062924120912,200000.0,x
SUB,5/16/95,FAST,30.25,2.0,6611.570247933884,200000.0,x
ADD,10/1/98,FAST,24.0,1.0,3305.785123966942,79338.84297520661,x
ADD,4/15/05,FAST,51.13,1.0,6611.570247933884,338049.58677685953,x
SUB,1/6/10,FAST,45.73,0.5,1093.3741526350318,50000.0,x
SUB,1/7/10,FAST,46.51,2.0,3225.1128789507634,150000.0,x
SUB,3/24/15,FB,85.31,0.5,586.0977611065525,50000.0,x
SUB,4/18/06,FCX,69.57,0.5,718.7005893344833,50000.0,x
ADD,9/5/08,FCX,73.91,1.0,718.7005893344833,53119.16055771166,x
SUB,7/26/95,FDO,17.88,2.0,11185.682326621925,200000.0,x
ADD,12/7/07,FDO,20.3,0.5,8389.261744966443,170302.0134228188,x
ADD,12/10/07,FDO,19.99,0.5,8389.261744966443,167701.3422818792,x
ADD,12/11/07,FDO,19.17,1.0,16778.523489932886,321644.29530201346,x
SUB,4/7/10,FDO,38.94,0.5,1284.0267077555213,50000.0,x
SUB,8/9/95,FDX,73.0,1.0,1369.86301369863,100000.0,x
SUB,12/21/98,FDX,84.5,2.0,1183.4319526627219,100000.0,x
SUB,10/2/98,FE,32.63,0.5,1532.332209623046,50000.0,x
SUB,10/5/98,FE,33.0,2.0,4545.454545454545,150000.0,x
ADD,1/14/13,FE,39.49,0.5,1519.4466887693977,60002.94973950352,x
SUB,7/26/10,FFIV,87.48,0.5,571.5592135345222,50000.0,x
ADD,8/8/11,FFIV,75.26,1.0,571.5592135345222,43015.54641060814,x
SUB,1/27/14,FFIV,106.5,2.0,1877.9342723004695,200000.0,x
SUB,5/10/10,FIS,29.63,0.5,1687.4789065136686,50000.0,x
SUB,7/15/97,FISV,49.5,2.0,4040.40404040404,200000.0,x
SUB,3/6/96,FITB,56.31,2.0,3551.767004084532,200000.0,x
ADD,10/16/07,FITB,31.13,1.0,5993.606819392648,186580.98028769312,x
ADD,10/17/07,FITB,31.0,1.0,5993.606819392648,185801.81140117208,x
SUB,6/29/01,FLIR,25.03,1.0,3995.2057530962843,100000.0,x
ADD,6/14/12,FLIR,19.95,0.5,15980.823012385137,318817.4190970835,x
SUB,11/22/05,FLR,74.65,0.5,669.7923643670462,50000.0,x
ADD,9/25/14,FLR,66.73,1.0,669.7923643670462,44695.244474212996,x
SUB,7/27/95,FLS,25.5,0.5,1960.7843137254902,50000.0,x
SUB,7/22/97,FLS,35.5,1.0,1408.4507042253522,50000.0,x
ADD,2/11/00,FLS,12.94,2.0,3369.235017950842,43597.90113228389,x
SUB,4/24/01,FLS,26.22,0.5,1906.9412662090008,50000.0,x
SUB,4/25/01,FLS,27.4,1.0,1824.8175182481752,50000.0,x
SUB,5/21/01,FLS,32.47,2.0,3079.765937788728,100000.0,x
ADD,10/27/08,FLS,43.5,0.5,1702.881180561476,74075.3313544242,x
ADD,10/13/14,FLS,61.37,2.0,15325.930625053283,940552.3624595199,x
SUB,7/17/95,FMC,70.0,1.0,1428.5714285714287,100000.0,x
ADD,10/27/08,FMC,30.0,0.5,1428.5714285714287,42857.14285714286,x
SUB,6/21/99,FOSL,47.38,0.5,1055.2975939214857,50000.0,x
SUB,2/20/07,FOSL,27.56,2.0,5442.67053701016,150000.0,x
ADD,10/14/08,FOSL,18.97,0.5,2251.0749791237936,42702.892353978365,x
ADD,10/15/08,FOSL,16.86,0.5,2251.074979123793,37953.12414802715,x
SUB,1/20/98,FOX,25.19,2.0,7939.658594680428,200000.0,x
ADD,7/2/08,FOX,14.64,0.5,1984.914648670107,29059.15045653037,x
SUB,5/21/13,FSLR,55.63,0.5,898.7956138774042,50000.0,x
SUB,7/7/99,FTR,12.13,0.5,4122.011541632316,50000.0,x
SUB,2/4/00,FTR,17.06,2.0,8792.497069167644,150000.0,x
ADD,7/25/02,FTR,5.75,0.5,3228.62715269999,18564.60612802494,x
ADD,7/26/02,FTR,4.6,2.0,9685.88145809997,44555.05470725986,x
SUB,5/27/03,GAS,36.14,0.5,1383.508577753182,50000.0,x
SUB,11/20/95,GCI,59.0,0.5,847.457627118644,50000.0,x
SUB,11/21/95,GCI,61.25,2.0,2448.9795918367345,150000.0,x
ADD,10/7/98,GCI,49.94,0.5,1648.2186094776894,82312.0373573158,x
ADD,10/8/98,GCI,48.94,0.5,1648.2186094776891,80663.8187478381,x
ADD,7/3/08,GCI,19.6,0.5,1648.2186094776894,32305.084745762713,x
ADD,7/7/08,GCI,18.83,1.0,1648.2186094776894,31035.956416464887,x
SUB,9/14/12,GCI,17.58,0.5,2844.1410693970424,50000.0,x
SUB,9/21/12,GCI,18.75,2.0,8000.0,150000.0,x
SUB,7/26/95,GD,48.5,0.5,1030.9278350515465,50000.0,x
SUB,5/2/01,GD,78.94,1.0,633.3924499619965,50000.0,x
ADD,9/29/08,GD,71.4,1.0,5390.496240130179,384881.4315452948,x
SUB,11/6/96,GE,101.63,2.0,1967.9228574239892,200000.0,x
SUB,7/15/97,GHC,437.56,0.5,114.27004296553615,50000.0,x
SUB,4/13/10,GHC,513.01,2.0,292.39196117034754,150000.0,x
SUB,7/13/95,GILD,20.5,0.5,2439.0243902439024,50000.0,x
SUB,8/10/95,GILD,23.63,1.0,2115.9542953872196,50000.0,x
SUB,3/14/95,GIS,63.75,0.5,784.3137254901961,50000.0,x
SUB,11/27/96,GIS,63.75,1.0,784.3137254901961,50000.0,x
ADD,12/10/99,GIS,34.81,2.0,3137.2549019607845,109207.84313725492,x
SUB,2/14/13,GIS,44.31,0.5,1128.4134506883322,50000.0,x
SUB,2/19/13,GIS,45.43,1.0,1100.594320933304,50000.0,x
SUB,12/9/96,GLW,44.5,2.0,4494.38202247191,200000.0,x
ADD,9/1/98,GLW,24.0,1.0,2247.191011235955,53932.584269662926,x
ADD,9/2/98,GLW,23.5,2.0,2247.191011235955,52808.988764044945,x
SUB,12/9/99,GLW,115.75,2.0,1727.8617710583153,200000.0,x
ADD,6/18/01,GLW,13.4,0.5,1295.8963282937366,17365.01079913607,x
ADD,6/19/01,GLW,13.19,0.5,1295.8963282937366,17092.872570194384,x
ADD,7/9/08,GLW,20.3,1.0,2591.792656587473,52613.390928725705,x
SUB,12/19/14,GLW,22.66,0.5,2206.531332744925,50000.0,x
SUB,5/24/05,GME,29.75,2.0,6722.689075630252,200000.0,x
ADD,10/7/08,GME,30.75,1.0,3361.344537815126,103361.34453781512,x
ADD,10/8/08,GME,30.21,1.0,3361.344537815126,101546.21848739496,x
SUB,8/1/13,GME,49.98,1.0,2000.8003201280515,100000.0,x
SUB,2/7/07,GNW,36.7,0.5,1362.3978201634877,50000.0,x
ADD,7/15/08,GNW,14.93,2.0,1362.3978201634877,20340.599455040872,x
SUB,1/22/13,GNW,9.42,0.5,5307.855626326964,50000.0,x
SUB,6/3/04,GPC,39.25,1.0,2547.770700636943,100000.0,x
ADD,2/19/09,GPC,29.54,1.0,2547.770700636943,75261.14649681529,x
SUB,3/11/13,GPC,75.11,0.5,665.6903208627347,50000.0,x
SUB,3/14/13,GPC,76.56,2.0,1959.2476489028213,150000.0,x
SUB,6/5/98,GPS,59.13,2.0,3382.3778116015555,200000.0,x
ADD,8/17/01,GPS,21.43,1.0,3805.1750380517497,81544.901065449,x
ADD,9/17/01,GPS,12.51,2.0,3805.1750380517497,47602.73972602739,x
SUB,10/30/06,GPS,21.09,1.0,4741.58368895211,100000.0,x
SUB,9/13/05,GRMN,64.64,0.5,773.5148514851485,50000.0,x
SUB,9/9/09,GRMN,35.98,1.0,1389.6609227348529,50000.0,x
SUB,3/6/00,GS,103.69,1.0,964.4131545954288,100000.0,x
ADD,9/15/08,GS,135.5,1.0,964.4131545954288,130677.9824476806,x
SUB,5/15/95,GT,41.75,0.5,1197.6047904191616,50000.0,x
ADD,8/5/98,GT,53.38,0.5,1197.6047904191616,63928.14371257485,x
SUB,5/4/99,GT,63.0,0.5,793.6507936507936,50000.0,x
ADD,12/9/99,GT,28.25,0.5,793.6507936507936,22420.63492063492,x
SUB,12/15/04,GT,14.23,2.0,14054.813773717498,200000.0,x
SUB,6/21/96,GWW,76.13,2.0,2627.0852489163276,200000.0,x
SUB,9/1/95,HAL,44.75,1.0,2234.63687150838,100000.0,x
ADD,9/1/98,HAL,27.25,0.5,2344.8199614992286,63896.34395085398,x
ADD,9/19/01,HAL,22.65,0.5,2344.8199614992286,53110.17212795752,x
SUB,10/19/09,HAL,31.05,0.5,1610.3059581320451,50000.0,x
ADD,9/21/11,HAL,35.09,0.5,1610.3059581320451,56505.63607085347,x
SUB,7/23/14,HAL,74.02,0.5,675.4931099702783,50000.0,x
SUB,8/18/00,HAR,73.88,2.0,2707.092582566324,200000.0,x
ADD,10/7/08,HAR,23.6,0.5,2707.092582566324,63887.384948565246,x
ADD,10/8/08,HAR,23.49,0.5,2707.092582566324,63589.604764482945,x
SUB,4/4/03,HAS,14.99,0.5,3335.5570380253503,50000.0,x
SUB,9/14/06,HAS,21.97,2.0,6827.492034592627,150000.0,x
ADD,8/4/11,HAS,37.27,1.0,5081.524536308989,189388.41946823604,x
SUB,12/5/95,HBAN,25.25,0.5,1980.1980198019803,50000.0,x
SUB,11/25/96,HBAN,25.13,2.0,5968.961400716275,150000.0,x
ADD,1/14/08,HBAN,12.33,0.5,2982.0712749149975,36768.93881970192,x
ADD,1/15/08,HBAN,12.12,1.0,5964.142549829995,72285.40770393953,x
ADD,8/8/11,HBAN,4.93,2.0,2982.071274914998,14701.61138533094,x
SUB,9/13/12,HBAN,7.05,0.5,7092.198581560284,50000.0,x
SUB,9/14/12,HBAN,7.2,1.0,6944.444444444444,50000.0,x
SUB,7/17/01,HCBK,24.9,1.0,4016.0642570281125,100000.0,x
SUB,4/5/01,HCN,22.11,0.5,2261.4201718679333,50000.0,x
SUB,11/4/03,HCN,34.72,1.0,1440.0921658986176,50000.0,x
SUB,6/1/98,HD,79.06,1.0,1264.8621300278269,100000.0,x
ADD,7/11/06,HD,34.38,1.0,3794.5863900834806,130457.88009107008,x
SUB,12/23/14,HD,103.76,0.5,481.8812644564379,50000.0,x
SUB,4/10/01,HES,82.04,0.5,609.4588005850804,50000.0,x
SUB,11/4/10,HES,69.25,2.0,2166.0649819494583,150000.0,x
ADD,8/4/11,HES,61.3,0.5,693.8809456336347,42534.90196734181,x
ADD,8/5/11,HES,59.86,1.0,1387.7618912672692,83071.42681125873,x
ADD,8/8/11,HES,53.55,2.0,693.8809456336348,37157.324638681144,x
SUB,1/29/13,HES,68.11,0.5,734.1065922771986,50000.0,x
SUB,2/5/97,HIG,76.25,1.0,1311.4754098360656,100000.0,x
ADD,7/22/02,HIG,48.0,0.5,655.7377049180328,31475.409836065577,x
ADD,7/23/02,HIG,45.5,2.0,655.7377049180328,29836.065573770495,x
SUB,1/9/04,HIG,62.15,0.5,804.5052292839904,50000.0,x
ADD,7/15/08,HIG,54.27,1.0,804.5052292839904,43660.49879324216,x
SUB,11/24/14,HIG,41.59,1.0,2404.4241404183695,100000.0,x
SUB,4/17/98,HOG,37.19,2.0,5377.789728421619,200000.0,x
ADD,9/10/07,HOG,47.46,0.5,1344.4474321054047,63807.47512772251,x
ADD,9/11/07,HOG,46.99,0.5,1344.4474321054045,63175.58483463296,x
ADD,1/8/08,HOG,40.2,0.5,1344.4474321054047,54046.78677063727,x
SUB,7/7/95,HON,46.38,2.0,4312.203536006899,200000.0,x
ADD,9/13/02,HON,23.56,1.0,4312.203536006899,101595.51530832255,x
ADD,10/21/05,HON,33.21,0.5,2156.1017680034497,71604.13971539457,x
SUB,3/17/95,HOT,3.75,1.0,26666.666666666668,100000.0,x
ADD,7/27/98,HOT,41.06,2.0,6666.666666666666,273733.3333333333,x
SUB,12/17/04,HOT,57.8,0.5,865.0519031141869,50000.0,x
ADD,7/2/08,HOT,37.31,0.5,865.0519031141869,32275.086505190313,x
SUB,10/4/96,HP,45.5,1.0,2197.802197802198,100000.0,x
SUB,2/7/01,HP,52.91,2.0,1890.0018900018902,100000.0,x
ADD,12/1/14,HP,69.07,2.0,12571.212571212573,868293.6522936523,x
SUB,5/13/99,HPQ,87.0,0.5,574.7126436781609,50000.0,x
ADD,9/4/01,HPQ,19.0,0.5,574.7126436781609,10919.540229885057,x
SUB,6/4/03,HPQ,21.04,1.0,4752.851711026617,100000.0,x
ADD,8/28/12,HPQ,16.9,0.5,2376.4258555133083,40161.59695817491,x
SUB,3/2/01,HRB,50.6,0.5,988.1422924901185,50000.0,x
SUB,3/7/01,HRB,52.22,1.0,957.4875526618155,50000.0,x
SUB,6/15/05,HRB,57.8,2.0,1730.1038062283737,100000.0,x
SUB,2/12/98,HRL,35.88,0.5,1393.5340022296543,50000.0,x
SUB,2/13/98,HRL,36.13,1.0,1383.891502906172,50000.0,x
SUB,11/10/03,HRL,26.89,2.0,3718.854592785422,100000.0,x
ADD,7/31/07,HRL,34.42,0.5,2318.4264007642687,79800.23671430613,x
ADD,8/3/07,HRL,33.8,0.5,2318.4264007642687,78362.81234583228,x
ADD,8/9/07,HRL,31.76,1.0,4636.852801528537,147266.44497654637,x
SUB,1/3/13,HRL,33.2,2.0,6024.096385542168,200000.0,x
SUB,9/21/04,HRS,55.17,1.0,1812.57930034439,100000.0,x
ADD,8/2/11,HRS,37.98,1.0,3836.9587221515458,145727.6922673157,x
SUB,6/9/14,HSP,51.0,2.0,3921.5686274509803,200000.0,x
SUB,7/28/00,HST,11.38,0.5,4393.673110720562,50000.0,x
SUB,11/12/04,HST,15.9,1.0,3144.6540880503144,50000.0,x
SUB,2/7/07,HST,28.71,2.0,3483.1069313827934,100000.0,x
ADD,7/2/08,HST,12.93,0.5,2755.3585325384174,35626.78582572174,x
ADD,7/14/08,HST,11.14,0.5,2755.3585325384174,30694.69405247797,x
ADD,7/15/08,HST,11.6,1.0,5510.717065076835,63924.31795489128,x
SUB,3/6/98,HSY,70.75,0.5,706.7137809187279,50000.0,x
SUB,3/9/98,HSY,71.69,1.0,697.4473427256243,50000.0,x
SUB,3/4/13,HSY,84.58,2.0,1182.3126034523527,100000.0,x
SUB,11/30/95,HUM,28.0,2.0,7142.857142857143,200000.0,x
ADD,7/9/96,HUM,16.38,0.5,1785.7142857142858,29250.0,x
ADD,7/10/96,HUM,16.13,0.5,1785.7142857142856,28803.571428571424,x
SUB,1/14/05,HUM,33.26,2.0,3006.614552014432,100000.0,x
SUB,11/19/96,IBM,154.13,2.0,1297.605917082982,200000.0,x
SUB,4/26/10,ICE,120.28,0.5,415.69670768207516,50000.0,x
SUB,11/20/13,ICE,213.07,1.0,234.66466419486554,50000.0,x
SUB,11/21/13,ICE,215.71,2.0,463.58536924574656,100000.0,x
SUB,12/5/06,IFF,48.61,1.0,2057.189878625797,100000.0,x
SUB,3/4/14,IFF,95.98,2.0,1041.8837257762034,100000.0,x
SUB,12/1/00,IGT,45.38,1.0,2203.6139268400175,100000.0,x
SUB,3/28/95,INTC,88.5,1.0,1129.9435028248588,100000.0,x
ADD,9/20/01,INTC,20.67,0.5,9039.54802259887,186847.45762711865,x
ADD,9/21/01,INTC,19.3,2.0,9039.54802259887,174463.2768361582,x
SUB,6/16/14,INTC,30.01,0.5,1666.1112962345883,50000.0,x
SUB,10/14/94,INTU,67.38,2.0,2968.2398337785694,200000.0,x
SUB,6/12/97,IP,51.38,2.0,3892.565200467108,200000.0,x
ADD,2/28/00,IP,35.88,1.0,1946.282600233554,69832.61969637992,x
SUB,7/7/95,IR,41.25,0.5,1212.121212121212,50000.0,x
SUB,4/15/99,IR,62.56,2.0,2397.69820971867,150000.0,x
ADD,10/27/08,IR,16.01,1.0,4215.880027900488,67496.23924668682,x
SUB,11/1/07,IRM,34.73,0.5,1439.677512237259,50000.0,x
SUB,11/6/07,IRM,37.3,2.0,4021.4477211796248,150000.0,x
SUB,11/14/05,ISRG,104.85,0.5,476.87172150691464,50000.0,x
SUB,11/15/05,ISRG,106.25,1.0,470.5882352941176,50000.0,x
SUB,10/23/07,ISRG,304.3,2.0,328.62306933946763,100000.0,x
SUB,2/13/96,ITW,65.5,0.5,763.3587786259542,50000.0,x
SUB,3/3/98,ITW,62.75,1.0,796.8127490039841,50000.0,x
ADD,10/7/08,ITW,36.15,1.0,4647.060612511785,167991.241142301,x
SUB,3/19/98,IVZ,109.0,0.5,458.7155963302752,50000.0,x
SUB,3/20/98,IVZ,110.0,1.0,454.54545454545456,50000.0,x
ADD,10/6/98,IVZ,21.56,0.5,456.6305254378649,9844.954128440366,x
ADD,9/17/01,IVZ,22.0,1.0,456.6305254378649,10045.871559633028,x
SUB,1/6/06,IVZ,16.93,1.0,5906.674542232723,100000.0,x
SUB,7/28/95,JBL,10.63,1.0,9407.33772342427,100000.0,x
SUB,8/22/95,JBL,14.0,2.0,7142.857142857143,100000.0,x
ADD,11/30/00,JBL,31.25,0.5,33100.38973256283,1034387.1791425884,x
SUB,8/7/97,JEC,30.63,0.5,1632.3865491348351,50000.0,x
SUB,2/12/01,JEC,53.8,1.0,929.3680297397771,50000.0,x
ADD,9/5/08,JEC,64.57,0.5,5123.509157749224,330824.98631586734,x
ADD,9/8/08,JEC,61.91,0.5,5123.509157749224,317196.45195625443,x
SUB,1/28/13,JEC,48.73,1.0,2052.1239482864767,100000.0,x
ADD,10/1/14,JEC,47.35,1.0,2052.1239482864767,97168.06895136468,x
SUB,3/15/95,JNJ,61.38,0.5,814.5975887911371,50000.0,x
SUB,3/17/95,JNJ,62.5,1.0,800.0,50000.0,x
SUB,10/24/95,JNJ,82.75,2.0,1208.4592145015106,100000.0,x
ADD,2/27/09,JNJ,50.0,1.0,5646.113606585295,282305.6803292648,x
ADD,3/2/09,JNJ,47.92,1.0,5646.113606585295,270561.76402756735,x
SUB,6/20/12,JNJ,67.0,0.5,746.2686567164179,50000.0,x
SUB,4/2/13,JNJ,82.69,2.0,1814.0041117426533,150000.0,x
SUB,7/23/07,JNPR,31.0,1.0,3225.8064516129034,100000.0,x
SUB,8/1/05,JOY,41.45,0.5,1206.2726176115802,50000.0,x
SUB,8/31/05,JOY,48.08,2.0,3119.8003327787023,150000.0,x
ADD,9/29/08,JOY,39.93,0.5,1081.5182375975705,43185.02322727099,x
ADD,10/10/08,JOY,28.88,0.5,1081.5182375975705,31234.246701817836,x
ADD,10/16/08,JOY,24.8,2.0,2163.036475195141,53643.3045848395,x
SUB,7/31/97,JPM,113.56,0.5,440.2958788305741,50000.0,x
SUB,3/17/98,JPM,134.75,2.0,1113.1725417439702,150000.0,x
SUB,5/15/13,JWN,61.44,1.0,1627.6041666666667,100000.0,x
SUB,6/16/95,K,72.0,2.0,2777.777777777778,200000.0,x
ADD,8/3/98,K,32.81,2.0,5555.555555555556,182277.77777777778,x
SUB,5/12/99,KEY,34.94,0.5,1431.0246136233545,50000.0,x
SUB,5/13/99,KEY,36.94,1.0,1353.546291283162,50000.0,x
ADD,8/14/07,KEY,32.12,2.0,2784.5709049065163,89440.41746559729,x
SUB,5/6/98,KIM,39.0,2.0,5128.205128205128,200000.0,x
ADD,6/26/07,KIM,37.73,0.5,3846.1538461538457,145115.3846153846,x
ADD,11/19/08,KIM,12.77,0.5,3846.1538461538457,49115.38461538461,x
ADD,11/20/08,KIM,11.26,1.0,7692.3076923076915,86615.38461538461,x
SUB,11/22/96,KLAC,38.5,1.0,2597.4025974025976,100000.0,x
ADD,6/4/98,KLAC,28.13,0.5,1298.7012987012988,36532.46753246753,x
ADD,1/4/08,KLAC,43.52,1.0,2597.4025974025976,113038.96103896106,x
SUB,4/24/01,KMX,10.24,1.0,9765.625,100000.0,x
SUB,5/9/01,KMX,12.57,2.0,7955.449482895783,100000.0,x
SUB,3/30/12,KO,74.01,1.0,1351.1687609782462,100000.0,x
SUB,5/30/13,KORS,65.68,0.5,761.2667478684531,50000.0,x
SUB,2/10/14,KORS,95.56,1.0,523.2314776056927,50000.0,x
SUB,12/19/14,KRFT,63.51,0.5,787.2775940796726,50000.0,x
SUB,12/22/14,KRFT,64.31,1.0,777.4840615767376,50000.0,x
SUB,1/22/15,KRFT,67.24,2.0,1487.20999405116,100000.0,x
SUB,3/6/97,KSU,56.38,0.5,886.8393047179851,50000.0,x
SUB,7/31/97,KSU,75.38,2.0,1989.9177500663307,150000.0,x
ADD,2/19/14,KSU,91.12,2.0,4315.135582176474,393195.1542479203,x
SUB,3/11/97,L,111.75,0.5,447.42729306487695,50000.0,x
SUB,8/11/00,L,81.63,1.0,612.5199068969741,50000.0,x
ADD,9/20/01,L,42.64,0.5,529.9735999809255,22598.074303186666,x
ADD,9/21/01,L,41.75,1.0,529.9735999809255,22126.39779920364,x
SUB,3/28/95,LB,22.0,0.5,2272.7272727272725,50000.0,x
SUB,2/6/98,LB,29.06,1.0,1720.5781142463868,50000.0,x
SUB,5/5/98,LB,36.25,2.0,2758.6206896551726,100000.0,x
SUB,3/6/98,LEG,52.31,1.0,1911.6803670426305,100000.0,x
SUB,3/9/98,LEG,52.5,2.0,1904.7619047619048,100000.0,x
ADD,9/20/05,LEG,19.8,0.5,1908.2211359022676,37782.7784908649,x
ADD,9/21/05,LEG,19.95,0.5,1908.2211359022676,38069.01166125024,x
ADD,10/11/05,LEG,18.91,0.5,1908.2211359022676,36084.46167991188,x
ADD,10/12/05,LEG,18.77,0.5,1908.2211359022676,35817.310720885565,x
SUB,5/28/03,LEN,65.78,1.0,1520.2189115232593,100000.0,x
SUB,5/11/00,LH,69.94,1.0,1429.796968830426,100000.0,x
ADD,10/7/08,LH,61.73,0.5,2859.593937660852,176522.7337718044,x
ADD,10/8/08,LH,60.63,0.5,2859.593937660852,173377.18044037747,x
SUB,4/21/10,LH,81.0,0.5,617.283950617284,50000.0,x
SUB,1/20/00,LIFE,71.69,2.0,2789.789370902497,200000.0,x
SUB,11/1/13,LLL,100.76,0.5,496.22866216752675,50000.0,x
SUB,2/12/96,LLY,64.13,0.5,779.666302822392,50000.0,x
ADD,7/2/02,LLY,52.12,0.5,1559.332605644784,81272.41540620614,x
SUB,7/18/12,LLY,44.51,0.5,1123.3430689732645,50000.0,x
SUB,5/10/95,LM,25.63,1.0,3901.6777214202107,100000.0,x
SUB,5/16/95,LM,26.63,2.0,3755.163349605708,100000.0,x
ADD,7/1/08,LM,41.25,1.0,15313.682142051835,631689.3883596382,x
ADD,7/2/08,LM,39.27,2.0,15313.682142051835,601368.2977183756,x
SUB,2/27/98,LMT,116.69,1.0,856.9714628502871,100000.0,x
ADD,10/13/99,LMT,27.63,0.5,856.9714628502871,23678.12151855343,x
ADD,10/14/99,LMT,26.0,0.5,856.9714628502871,22281.258034107464,x
SUB,1/31/02,LMT,52.97,0.5,943.9305267132339,50000.0,x
SUB,2/3/06,LMT,68.92,1.0,725.4788160185723,50000.0,x
ADD,10/27/08,LMT,72.64,0.5,834.7046713659031,60632.9473280192,x
SUB,5/3/13,LMT,102.01,1.0,490.1480247034604,50000.0,x
SUB,8/2/05,LNC,49.8,0.5,1004.0160642570281,50000.0,x
ADD,8/22/11,LNC,19.02,0.5,1004.0160642570281,19096.385542168675,x
SUB,3/7/13,LNC,31.63,0.5,1580.7777426493835,50000.0,x
SUB,3/8/13,LNC,33.0,1.0,1515.1515151515152,50000.0,x
SUB,10/28/13,LO,50.54,0.5,989.3153937475267,50000.0,x
SUB,10/29/13,LO,50.7,1.0,986.1932938856015,50000.0,x
SUB,11/14/97,LOW,44.81,0.5,1115.822361080116,50000.0,x
SUB,11/17/97,LOW,47.69,2.0,3145.3134829104633,150000.0,x
ADD,8/2/11,LOW,20.46,1.0,17044.54337596232,348731.35747218906,x
ADD,8/3/11,LOW,20.42,1.0,17044.54337596232,348049.57573715056,x
SUB,3/27/95,LRCX,50.63,0.5,987.5567845151096,50000.0,x
ADD,7/25/02,LRCX,11.86,1.0,2962.670353545329,35137.2703930476,x
SUB,5/5/06,LRCX,53.49,0.5,934.7541596560104,50000.0,x
SUB,10/27/10,LRCX,46.48,1.0,1075.7314974182445,50000.0,x
SUB,4/8/97,LSI,41.63,0.5,1201.0569300984866,50000.0,x
ADD,8/20/98,LSI,15.13,0.5,1201.0569300984866,18171.991352390105,x
SUB,8/21/03,LSI,11.26,0.5,4440.497335701599,50000.0,x
ADD,7/28/04,LSI,5.06,0.5,4440.497335701599,22468.916518650087,x
SUB,3/22/02,LUK,35.3,0.5,1416.4305949008499,50000.0,x
SUB,4/10/02,LUK,37.69,1.0,1326.611833377554,50000.0,x
SUB,5/7/07,LUK,33.05,2.0,3025.7186081694404,100000.0,x
SUB,1/8/99,LUV,28.56,2.0,7002.80112044818,200000.0,x
ADD,7/23/02,LUV,11.65,0.5,3939.0756302521013,45890.23109243698,x
ADD,1/3/08,LUV,11.6,0.5,3939.0756302521013,45693.27731092437,x
ADD,1/4/08,LUV,11.42,0.5,3939.0756302521017,44984.243697479,x
ADD,11/20/08,LUV,7.76,0.5,3939.0756302521017,30567.22689075631,x
SUB,8/18/14,LUV,30.82,0.5,1622.3231667748216,50000.0,x
SUB,8/20/14,LUV,31.57,1.0,1583.7820715869495,50000.0,x
SUB,6/19/07,MA,165.27,1.0,605.070490712168,100000.0,x
SUB,1/15/97,MAC,28.13,0.5,1777.4617845716318,50000.0,x
SUB,1/27/04,MAC,48.55,1.0,1029.8661174047375,50000.0,x
SUB,2/11/04,MAC,50.8,2.0,1968.5039370078741,100000.0,x
ADD,7/27/07,MAC,73.14,1.0,2387.9159194921217,174652.1703516538,x
ADD,7/30/07,MAC,73.59,0.5,1193.9579597460609,87863.36625771262,x
ADD,1/4/08,MAC,64.86,0.5,1193.9579597460609,77440.1132691295,x
SUB,11/4/10,MAC,49.03,0.5,1019.7838058331633,50000.0,x
SUB,4/16/14,MAC,66.08,1.0,756.6585956416465,50000.0,x
SUB,11/13/06,MAR,44.55,0.5,1122.3344556677891,50000.0,x
ADD,11/7/07,MAR,36.93,0.5,1122.3344556677891,41447.81144781145,x
SUB,2/24/14,MAR,53.47,0.5,935.1037965214139,50000.0,x
SUB,3/31/98,MCD,60.0,2.0,3333.3333333333335,200000.0,x
SUB,6/15/95,MCHP,34.25,1.0,2919.70802919708,100000.0,x
SUB,6/19/95,MCHP,36.25,2.0,2758.6206896551726,100000.0,x
ADD,10/8/08,MCHP,25.06,0.5,7186.634784797384,180097.06770702242,x
ADD,10/10/08,MCHP,24.21,1.0,14373.269569594766,347976.8562798893,x
SUB,1/17/07,MCK,55.32,1.0,1807.6644974692697,100000.0,x
SUB,10/25/13,MCK,154.99,2.0,645.2029163171817,100000.0,x
SUB,10/28/04,MCO,77.89,1.0,1283.8618564642445,100000.0,x
SUB,11/28/05,MCO,60.45,2.0,1654.2597187758477,100000.0,x
ADD,7/31/07,MCO,53.8,0.5,734.530393810023,39517.73518697924,x
SUB,9/27/06,MDLZ,36.0,1.0,2777.777777777778,100000.0,x
SUB,6/20/97,MHFI,62.88,1.0,1590.3307888040713,100000.0,x
SUB,2/17/98,MHK,28.38,0.5,1761.8040873854827,50000.0,x
SUB,7/17/01,MHK,40.77,1.0,1226.3919548687759,50000.0,x
SUB,7/18/01,MHK,41.14,2.0,2430.724355858046,100000.0,x
ADD,7/14/08,MHK,57.66,0.5,1354.7300995280762,78113.73753878886,x
ADD,2/25/09,MHK,23.58,0.5,1354.7300995280762,31944.535746872032,x
SUB,2/22/02,MKC,48.92,0.5,1022.0768601798854,50000.0,x
SUB,11/4/96,MMC,106.75,1.0,936.768149882904,100000.0,x
SUB,11/5/96,MMC,108.13,2.0,924.8127254231018,100000.0,x
ADD,10/4/02,MMC,35.53,0.5,2792.3713129590087,99212.95274943358,x
SUB,10/29/96,MMM,76.5,0.5,653.59477124183,50000.0,x
SUB,11/11/96,MMM,81.25,2.0,1846.1538461538462,150000.0,x
ADD,8/31/98,MMM,68.5,0.5,624.9371543489191,42808.195072900955,x
ADD,9/1/98,MMM,68.06,1.0,1249.874308697838,85066.44544997485,x
SUB,4/24/06,MMM,85.46,1.0,585.0690381465014,50000.0,x
ADD,9/22/11,MMM,72.9,1.0,1834.9433468443399,133767.36998495238,x
SUB,5/8/96,MNST,2.0,2.0,100000.0,200000.0,x
SUB,3/21/95,MO,66.88,0.5,747.6076555023924,50000.0,x
SUB,3/10/04,MON,35.71,1.0,2800.336040324839,100000.0,x
SUB,9/19/07,MON,80.38,2.0,1244.090569793481,100000.0,x
SUB,8/19/96,MOS,43.5,0.5,1149.4252873563219,50000.0,x
SUB,1/14/08,MOS,109.54,2.0,1369.3627898484572,150000.0,x
SUB,3/20/95,MRK,44.63,1.0,2240.6453058480843,100000.0,x
SUB,10/31/94,MRO,18.88,0.5,2648.305084745763,50000.0,x
SUB,6/23/04,MRO,37.46,1.0,1334.7570742124933,50000.0,x
SUB,4/13/98,MS,84.44,0.5,592.1364282330649,50000.0,x
ADD,9/20/01,MS,37.62,0.5,592.1364282330649,22276.1724301279,x
SUB,6/19/95,MSFT,89.81,0.5,556.7308762943993,50000.0,x
SUB,7/14/95,MSFT,103.63,2.0,1447.4573000096498,150000.0,x
ADD,6/29/10,MSFT,23.31,0.5,8016.752705216197,186870.50555858953,x
ADD,6/30/10,MSFT,23.01,0.5,8016.752705216197,184465.4797470247,x
SUB,12/6/99,MSI,130.64,1.0,765.4623392529088,100000.0,x
ADD,6/23/08,MSI,7.44,0.5,427.63259176140156,3181.5864827048276,x
ADD,6/24/08,MSI,7.35,0.5,427.63259176140156,3143.0995494463014,x
SUB,2/28/95,MTB,165.5,2.0,1208.4592145015106,200000.0,x
SUB,6/20/95,MU,57.75,0.5,865.8008658008658,50000.0,x
SUB,9/7/95,MU,87.63,1.0,570.5808513066302,50000.0,x
SUB,9/11/95,MU,94.38,2.0,1059.5465140919687,100000.0,x
ADD,9/23/02,MU,12.76,0.5,1247.9641155997324,15924.022115052585,x
ADD,9/24/02,MU,12.75,0.5,1247.9641155997324,15911.542473896588,x
ADD,11/21/07,MU,8.08,0.5,1247.9641155997324,10083.550054045838,x
ADD,1/7/08,MU,6.39,0.5,1247.9641155997324,7974.49069868229,x
SUB,12/24/09,MU,10.16,0.5,4921.259842519685,50000.0,x
SUB,3/11/13,MU,9.35,1.0,5347.593582887701,50000.0,x
SUB,6/19/13,MU,13.97,2.0,7158.196134574087,100000.0,x
SUB,9/10/96,MUR,46.63,0.5,1072.271070126528,50000.0,x
SUB,9/11/96,MUR,47.88,2.0,3132.832080200501,150000.0,x
ADD,8/28/98,MUR,36.56,0.5,1051.2757875817572,38434.64279398904,x
ADD,8/31/98,MUR,35.31,0.5,1051.2757875817572,37120.54805951185,x
ADD,7/15/02,MUR,69.0,0.5,1051.2757875817574,72538.02934314126,x
ADD,7/22/02,MUR,67.05,0.5,1051.2757875817574,70488.04155735683,x
SUB,7/7/04,MUR,77.74,0.5,643.1695394906097,50000.0,x
SUB,6/13/97,MWV,33.0,1.0,3030.3030303030305,100000.0,x
ADD,8/27/98,MWV,21.88,0.5,1515.1515151515152,33151.51515151515,x
ADD,8/28/98,MWV,21.25,0.5,1515.1515151515152,32196.9696969697,x
SUB,4/7/06,MWV,30.28,1.0,3302.5099075297226,100000.0,x
SUB,5/21/98,MYL,31.94,1.0,3130.8703819661864,100000.0,x
ADD,8/7/07,MYL,15.09,1.0,7044.458359423919,106300.87664370694,x
SUB,8/2/13,MYL,36.4,2.0,5494.505494505494,200000.0,x
SUB,4/4/08,NBR,35.32,0.5,1415.6285390713476,50000.0,x
SUB,4/18/08,NBR,37.72,2.0,3976.6702014846237,150000.0,x
ADD,10/7/08,NBR,17.78,1.0,2696.149370277986,47937.53580354259,x
ADD,10/8/08,NBR,17.58,1.0,2696.149370277986,47398.30592948699,x
SUB,3/24/14,NBR,24.04,1.0,4159.73377703827,100000.0,x
SUB,12/21/95,NE,8.75,1.0,11428.57142857143,100000.0,x
SUB,12/22/95,NE,8.94,2.0,11185.682326621925,100000.0,x
ADD,8/26/98,NE,13.38,0.5,5653.563438798339,75644.67881112178,x
ADD,8/27/98,NE,12.81,1.0,11307.126877596678,144844.29530201346,x
ADD,8/28/98,NE,12.38,1.0,5653.563438798341,69991.11537232346,x
SUB,8/6/99,NE,25.44,0.5,1965.4088050314465,50000.0,x
SUB,8/9/99,NE,26.81,1.0,1864.975755315181,50000.0,x
SUB,9/29/05,NEE,47.65,0.5,1049.3179433368311,50000.0,x
SUB,11/5/14,NEE,104.88,2.0,1430.2059496567506,150000.0,x
SUB,1/3/96,NEM,48.63,0.5,1028.1719103434093,50000.0,x
SUB,1/10/96,NEM,54.25,1.0,921.6589861751152,50000.0,x
ADD,8/28/98,NEM,14.44,0.5,974.9154482592622,14077.779072863746,x
ADD,8/31/98,NEM,13.69,1.0,974.9154482592622,13346.5924866693,x
SUB,1/3/06,NEM,57.14,0.5,875.0437521876094,50000.0,x
SUB,1/4/06,NEM,58.04,2.0,2584.424534803584,150000.0,x
ADD,10/2/08,NEM,34.2,1.0,1729.7341434955965,59156.907707549406,x
ADD,10/3/08,NEM,35.58,0.5,864.8670717477983,30771.97041278666,x
ADD,4/5/12,NEM,47.73,1.0,864.8670717477983,41280.105334522406,x
SUB,6/14/10,NFLX,126.81,1.0,788.5813421654443,100000.0,x
ADD,9/19/11,NFLX,143.75,0.5,394.29067108272216,56679.28396814131,x
ADD,9/20/11,NFLX,130.03,0.5,394.29067108272216,51269.61596088636,x
SUB,1/25/13,NFLX,169.56,2.0,1179.523472517103,200000.0,x
SUB,11/11/96,NFX,50.63,0.5,987.5567845151096,50000.0,x
SUB,2/10/05,NFX,70.09,2.0,2140.105578541875,150000.0,x
SUB,10/11/95,NI,35.63,0.5,1403.3118158854898,50000.0,x
SUB,10/16/95,NI,36.13,1.0,1383.891502906172,50000.0,x
SUB,10/25/95,NI,37.13,2.0,2693.23996768112,100000.0,x
SUB,12/21/10,NKE,92.3,0.5,541.7118093174431,50000.0,x
SUB,9/19/13,NLSN,37.18,0.5,1344.8090371167295,50000.0,x
SUB,4/22/97,NOC,84.5,2.0,2366.8639053254437,200000.0,x
SUB,1/19/00,NOV,18.69,1.0,5350.454788657035,100000.0,x
SUB,1/21/00,NOV,20.25,2.0,4938.271604938272,100000.0,x
ADD,6/29/01,NOV,26.8,0.5,2572.1815983988267,68934.46683708856,x
ADD,7/2/01,NOV,25.74,0.5,2572.1815983988263,66207.95434278579,x
ADD,7/3/01,NOV,25.27,2.0,5144.3631967976535,129998.0579830767,x
SUB,1/27/04,NOV,26.05,1.0,3838.771593090211,100000.0,x
SUB,7/8/97,NSC,109.88,0.5,455.0418638514744,50000.0,x
SUB,11/4/04,NSC,35.05,1.0,1426.5335235378031,50000.0,x
ADD,1/16/09,NSC,37.81,0.5,1395.8295575461132,52776.315570818544,x
ADD,1/20/09,NSC,35.28,1.0,1395.8295575461132,49244.86679022687,x
SUB,7/7/98,NTAP,44.75,0.5,1117.31843575419,50000.0,x
SUB,7/9/98,NTAP,47.0,2.0,3191.4893617021276,150000.0,x
SUB,12/4/95,NTRS,54.0,0.5,925.925925925926,50000.0,x
ADD,7/3/02,NTRS,39.47,0.5,3703.703703703704,146185.1851851852,x
SUB,10/26/07,NTRS,74.35,1.0,1344.9899125756558,100000.0,x
SUB,10/30/03,NUE,55.0,0.5,909.0909090909091,50000.0,x
ADD,8/4/11,NUE,34.95,1.0,3636.3636363636365,127090.9090909091,x
SUB,9/18/14,NUE,58.09,1.0,1721.4666896195558,100000.0,x
SUB,3/29/06,NVDA,57.08,2.0,3503.8542396636303,200000.0,x
ADD,3/10/08,NVDA,18.43,0.5,2627.890679747723,48432.025227750535,x
SUB,1/7/11,NVDA,19.87,2.0,2516.356316054353,50000.0,x
SUB,5/15/96,NWL,30.13,1.0,3318.951211417192,100000.0,x
SUB,7/17/98,NWL,54.44,2.0,1836.8846436443791,100000.0,x
ADD,9/7/99,NWL,31.94,0.5,1288.9589637653928,41169.34930266665,x
ADD,9/8/99,NWL,31.0,0.5,1288.9589637653928,39957.72787672718,x
ADD,9/23/99,NWL,28.13,0.5,1288.958963765393,36258.415650720504,x
ADD,9/24/99,NWL,27.25,0.5,1288.958963765393,35124.13176260696,x
SUB,4/27/06,NWL,27.72,0.5,1803.751803751804,50000.0,x
ADD,1/4/08,NWL,23.91,1.0,1803.751803751804,43127.70562770563,x
SUB,4/12/10,NWL,16.71,1.0,5984.440454817474,100000.0,x
SUB,1/21/97,OI,24.38,0.5,2050.8613617719443,50000.0,x
ADD,11/16/00,OI,3.38,1.0,2050.8613617719443,6931.911402789172,x
SUB,12/24/01,OI,9.98,2.0,20040.080160320642,200000.0,x
SUB,2/17/11,OKE,63.08,0.5,792.6442612555485,50000.0,x
SUB,2/18/11,OKE,64.65,1.0,773.3952049497292,50000.0,x
SUB,3/29/96,OMC,45.0,0.5,1111.111111111111,50000.0,x
SUB,11/23/98,ORCL,36.88,0.5,1355.7483731019522,50000.0,x
ADD,5/3/02,ORCL,8.43,0.5,1355.7483731019522,11428.958785249457,x
SUB,12/19/12,ORCL,34.09,0.5,1466.7057788207685,50000.0,x
SUB,12/12/00,ORLY,22.06,1.0,4533.091568449683,100000.0,x
SUB,12/13/00,ORLY,22.06,2.0,4533.091568449683,100000.0,x
SUB,4/4/95,OXY,22.75,1.0,4395.604395604396,100000.0,x
SUB,4/5/95,OXY,23.13,2.0,4323.38953739732,100000.0,x
ADD,8/31/98,OXY,18.5,1.0,4359.4969665008575,80650.69388026587,x
ADD,9/1/98,OXY,19.0,1.0,4359.4969665008575,82830.4423635163,x
SUB,12/27/00,OXY,25.5,0.5,1960.7843137254902,50000.0,x
ADD,10/14/14,OXY,86.55,1.0,3921.5686274509803,339411.76470588235,x
SUB,5/27/03,PBCT,28.43,0.5,1758.7055926837847,50000.0,x
SUB,7/25/06,PBCT,35.55,1.0,1406.4697609001407,50000.0,x
SUB,7/26/06,PBCT,36.01,2.0,2777.0063871146904,100000.0,x
SUB,5/1/97,PBI,65.13,0.5,767.6953784738216,50000.0,x
ADD,10/7/08,PBI,28.33,2.0,1535.3907569476432,43497.62014432673,x
SUB,11/15/13,PBI,23.82,2.0,8396.305625524768,200000.0,x
SUB,10/16/96,PCAR,56.0,0.5,892.8571428571429,50000.0,x
SUB,10/17/96,PCAR,57.5,1.0,869.5652173913044,50000.0,x
SUB,11/22/96,PCAR,67.25,2.0,1486.988847583643,100000.0,x
SUB,9/11/00,PCG,31.64,1.0,3160.5562579013904,100000.0,x
SUB,12/19/06,PCG,47.98,2.0,2084.201750729471,100000.0,x
SUB,10/4/04,PCL,35.73,0.5,1399.384270920795,50000.0,x
SUB,11/4/04,PCL,38.49,1.0,1299.0387113535983,50000.0,x
SUB,1/29/07,PCL,41.93,2.0,2384.9272597185786,100000.0,x
SUB,5/2/03,PCLN,3.14,2.0,63694.267515923566,200000.0,x
SUB,5/13/97,PCP,59.75,2.0,3347.2803347280333,200000.0,x
ADD,7/29/98,PCP,48.38,0.5,836.8200836820083,40485.355648535566,x
ADD,9/21/01,PCP,18.3,1.0,3347.2803347280333,61255.23012552301,x
ADD,10/8/08,PCP,62.91,0.5,3347.2803347280333,210577.40585774055,x
SUB,3/25/96,PDCO,30.25,0.5,1652.892561983471,50000.0,x
SUB,1/5/98,PDCO,47.25,1.0,1058.2010582010582,50000.0,x
SUB,11/2/98,PDCO,42.88,2.0,2332.089552238806,100000.0,x
ADD,2/22/00,PDCO,32.88,0.5,1599.6824956289001,52597.56045627824,x
SUB,2/2/05,PDCO,48.43,2.0,1032.4179227751395,50000.0,x
ADD,10/27/08,PDCO,20.96,0.5,5057.151967580486,105997.90524048699,x
SUB,12/22/97,PEG,30.75,0.5,1626.0162601626016,50000.0,x
SUB,1/2/98,PEG,31.81,2.0,4715.498270983968,150000.0,x
ADD,2/23/00,PEG,29.94,1.0,3170.7572655732847,94932.47253126415,x
ADD,2/24/00,PEG,29.06,2.0,3170.7572655732847,92142.20613755965,x
SUB,5/3/95,PEP,44.75,1.0,2234.63687150838,100000.0,x
SUB,6/13/95,PETM,28.75,0.5,1739.1304347826087,50000.0,x
SUB,6/4/01,PETM,6.07,1.0,8237.232289950576,50000.0,x
ADD,3/6/03,PETM,11.05,0.5,5857.746579757897,64728.09970632476,x
ADD,3/10/03,PETM,10.53,1.0,5857.746579757897,61682.071484850654,x
SUB,5/25/04,PETM,30.61,0.5,1633.453119895459,50000.0,x
ADD,11/7/07,PETM,26.69,0.5,1633.453119895459,43596.863770009804,x
SUB,11/6/96,PFE,88.5,1.0,1129.9435028248588,100000.0,x
ADD,3/22/01,PFE,35.67,0.5,3389.830508474576,120915.25423728814,x
ADD,10/21/05,PFE,21.25,0.5,3389.830508474576,72033.89830508475,x
SUB,4/12/13,PFE,30.67,1.0,3260.5151613955004,100000.0,x
SUB,3/15/95,PG,68.88,0.5,725.9001161440186,50000.0,x
ADD,3/9/00,PG,57.75,1.0,1451.8002322880373,83841.46341463416,x
SUB,2/4/04,PG,103.2,1.0,968.9922480620155,100000.0,x
SUB,2/3/95,PGR,40.38,1.0,2476.4735017335315,100000.0,x
SUB,10/31/96,PGR,68.75,2.0,1454.5454545454545,100000.0,x
ADD,8/31/99,PGR,102.0,1.0,1965.509478139493,200481.9667702283,x
ADD,9/2/99,PGR,98.88,2.0,1965.509478139493,194349.57719843305,x
SUB,2/13/13,PGR,24.49,0.5,2041.6496529195592,50000.0,x
ADD,1/27/14,PGR,23.18,2.0,2041.6496529195592,47325.43895467538,x
SUB,6/30/97,PH,60.69,1.0,1647.7179106936892,100000.0,x
SUB,5/28/03,PHM,65.72,1.0,1521.6068167985393,100000.0,x
ADD,6/6/06,PHM,28.11,2.0,6086.427267194157,171089.47048082776,x
SUB,3/6/00,PKI,79.25,1.0,1261.8296529968454,100000.0,x
ADD,7/23/02,PKI,6.85,1.0,2523.659305993691,17287.06624605678,x
SUB,1/9/14,PKI,43.43,2.0,4605.111673958094,200000.0,x
SUB,12/3/96,PLD,19.63,0.5,2547.121752419766,50000.0,x
SUB,12/19/96,PLD,21.13,2.0,7098.911500236631,150000.0,x
ADD,10/9/08,PLD,23.87,0.5,2411.508313164099,57562.70343522705,x
ADD,10/21/08,PLD,18.78,1.0,4823.016626328198,90576.25224244356,x
ADD,10/22/08,PLD,16.27,1.0,2411.5083131640995,39235.240255179895,x
SUB,1/3/13,PLD,37.4,0.5,1336.8983957219252,50000.0,x
SUB,1/27/15,PLD,47.13,2.0,3182.686187141948,150000.0,x
SUB,11/4/98,PLL,25.94,2.0,7710.100231303007,200000.0,x
ADD,7/22/02,PLL,17.52,1.0,3855.0501156515033,67540.47802621433,x
ADD,7/23/02,PLL,17.0,2.0,3855.0501156515033,65535.851966075556,x
SUB,12/29/95,PNC,32.25,0.5,1550.3875968992247,50000.0,x
SUB,11/6/96,PNC,37.75,2.0,3973.5099337748343,150000.0,x
ADD,1/20/09,PNC,22.0,2.0,5523.897530674059,121525.7456748293,x
SUB,1/21/14,PNC,84.11,2.0,2377.8385447628107,200000.0,x
SUB,3/13/02,PNR,44.58,0.5,1121.5791834903544,50000.0,x
SUB,3/14/02,PNR,45.14,1.0,1107.6650420912715,50000.0,x
SUB,6/28/96,PNW,30.38,0.5,1645.8196181698486,50000.0,x
SUB,11/6/96,PNW,32.25,1.0,1550.3875968992247,50000.0,x
ADD,2/1/99,PNW,38.63,1.0,3196.2072150690733,123469.48471811831,x
SUB,10/2/00,PNW,51.88,1.0,1927.5250578257517,100000.0,x
ADD,3/6/06,PNW,39.16,1.0,1927.5250578257517,75481.88126445643,x
SUB,9/27/95,POM,24.38,2.0,8203.445447087777,200000.0,x
ADD,12/8/99,POM,21.94,0.5,2050.8613617719443,44995.89827727646,x
ADD,12/9/99,POM,21.56,1.0,4101.722723543889,88433.14191960623,x
ADD,7/10/02,POM,18.6,0.5,2050.8613617719448,38146.02132895817,x
SUB,2/4/05,POM,22.85,1.0,4376.367614879649,100000.0,x
SUB,7/10/95,PPG,45.63,0.5,1095.7703265395573,50000.0,x
SUB,4/17/98,PPG,73.0,1.0,684.931506849315,50000.0,x
SUB,5/16/01,PPL,58.56,0.5,853.8251366120219,50000.0,x
SUB,5/22/01,PPL,61.97,1.0,806.8420203324189,50000.0,x
ADD,7/23/02,PPL,26.7,0.5,830.3335784722203,22169.906545208283,x
SUB,10/26/04,PPL,51.99,1.0,961.7234083477591,50000.0,x
SUB,2/26/97,PRGO,12.88,2.0,15527.950310559005,200000.0,x
SUB,5/4/07,PRU,100.61,1.0,993.9369843951894,100000.0,x
SUB,5/7/07,PRU,101.25,2.0,987.6543209876543,100000.0,x
SUB,3/15/95,PSA,16.88,2.0,11848.341232227489,200000.0,x
ADD,8/6/98,PSA,24.44,0.5,2962.0853080568722,72393.36492890996,x
SUB,2/7/07,PSA,115.26,2.0,433.8018393197987,50000.0,x
SUB,5/27/05,PVH,31.25,0.5,1600.0,50000.0,x
SUB,3/14/00,PWR,54.94,1.0,1820.1674554058975,100000.0,x
ADD,7/31/02,PWR,1.91,0.5,910.0837277029487,1738.259919912632,x
SUB,5/9/05,PWR,9.0,1.0,5555.555555555556,50000.0,x
SUB,8/31/05,PWR,12.0,2.0,8333.333333333334,100000.0,x
SUB,5/18/07,PX,69.21,1.0,1444.8779078167895,100000.0,x
ADD,9/26/08,PX,74.15,0.5,722.4389539083948,53568.84843230747,x
ADD,9/29/08,PX,70.34,0.5,722.4389539083948,50816.35601791649,x
SUB,5/17/00,PXD,13.5,0.5,3703.703703703704,50000.0,x
SUB,12/18/03,PXD,32.44,1.0,1541.3070283600493,50000.0,x
ADD,6/13/06,PXD,36.53,0.5,2622.5053660318767,95800.12102114446,x
ADD,10/14/14,PXD,164.78,1.0,2622.5053660318767,432136.43421473267,x
SUB,8/16/95,QCOM,54.25,2.0,3686.6359447004606,200000.0,x
ADD,7/21/06,QCOM,34.44,0.5,14746.543778801843,507870.9677419354,x
SUB,4/22/10,R,47.76,1.0,2093.8023450586265,100000.0,x
SUB,10/29/03,RAI,51.05,0.5,979.4319294809011,50000.0,x
ADD,5/1/08,RAI,53.64,2.0,1958.8638589618022,105073.45739471108,x
SUB,7/2/12,RAI,45.52,1.0,2196.836555360281,100000.0,x
SUB,12/8/95,RDC,9.0,2.0,22222.222222222223,200000.0,x
ADD,8/31/98,RDC,9.5,1.0,11111.111111111111,105555.55555555556,x
ADD,9/1/98,RDC,9.81,1.0,11111.111111111111,109000.00000000001,x
SUB,7/27/09,REGN,20.96,0.5,2385.4961832061067,50000.0,x
SUB,4/23/98,RF,45.25,0.5,1104.9723756906078,50000.0,x
ADD,7/24/07,RF,31.66,0.5,1364.1988950276243,43190.537016574584,x
SUB,9/8/95,RHI,31.5,0.5,1587.3015873015872,50000.0,x
SUB,9/12/95,RHI,34.25,1.0,1459.85401459854,50000.0,x
SUB,4/24/96,RHI,57.13,2.0,1750.393838613688,100000.0,x
ADD,10/4/02,RHI,13.16,0.5,7196.324160770722,94703.62595574271,x
ADD,10/7/02,RHI,12.22,1.0,14392.648321541443,175878.16248923645,x
SUB,11/26/99,RHT,213.5,2.0,936.768149882904,200000.0,x
SUB,4/27/95,RIG,26.5,0.5,1886.7924528301887,50000.0,x
SUB,5/23/95,RIG,29.5,2.0,5084.745762711865,150000.0,x
ADD,7/23/02,RIG,22.25,0.5,3485.769107771027,77558.36264790535,x
ADD,10/7/08,RIG,80.39,1.0,9360.684362008316,752505.4158618485,x
ADD,10/8/08,RIG,81.69,0.5,4680.342181004158,382337.15276622964,x
SUB,2/13/01,RL,29.05,1.0,3442.340791738382,100000.0,x
ADD,11/20/08,RL,32.66,0.5,1721.170395869191,56213.42512908777,x
SUB,5/3/95,ROK,45.38,0.5,1101.8069634200087,50000.0,x
SUB,1/29/96,ROK,58.75,1.0,851.063829787234,50000.0,x
ADD,8/5/98,ROK,38.25,0.5,976.4353966036214,37348.653920088516,x
SUB,5/7/99,ROK,58.63,1.0,852.8057308545114,50000.0,x
SUB,5/10/99,ROK,60.63,2.0,1649.3485073396007,100000.0,x
ADD,8/22/11,ROK,53.71,0.5,869.6474086994333,46708.76232124656,x
SUB,5/4/95,ROP,31.0,1.0,3225.8064516129034,100000.0,x
SUB,5/9/95,ROP,32.0,2.0,3125.0,100000.0,x
ADD,8/31/98,ROP,17.0,2.0,12701.612903225807,215927.41935483873,x
SUB,12/24/01,ROP,50.51,0.5,989.9029895070283,50000.0,x
SUB,2/24/06,ROP,45.88,1.0,1089.799476896251,50000.0,x
ADD,10/7/08,ROP,43.27,0.5,1534.8027279551538,66410.9140386195,x
ADD,10/8/08,ROP,42.97,0.5,1534.8027279551538,65950.47322023296,x
SUB,9/16/09,ROP,53.05,0.5,942.5070688030161,50000.0,x
SUB,10/7/03,RRC,7.81,0.5,6402.048655569783,50000.0,x
SUB,10/8/03,RRC,7.86,1.0,6361.323155216285,50000.0,x
SUB,12/24/07,RRC,51.27,2.0,1950.4583577140627,100000.0,x
ADD,9/25/14,RRC,67.31,1.0,7356.915084250065,495193.9543208719,x
ADD,9/26/14,RRC,67.7,0.5,3678.4575421250324,249031.5756018647,x
SUB,4/2/04,RSG,27.94,0.5,1789.5490336435219,50000.0,x
SUB,5/4/05,RSG,35.9,1.0,1392.757660167131,50000.0,x
SUB,3/16/06,RTN,45.53,0.5,1098.1770261366132,50000.0,x
SUB,3/18/96,SBUX,23.13,0.5,2161.69476869866,50000.0,x
SUB,10/4/96,SBUX,40.0,1.0,1250.0,50000.0,x
ADD,9/4/01,SBUX,16.48,0.5,6823.38953739732,112449.45957630784,x
ADD,9/21/01,SBUX,14.28,0.5,6823.38953739732,97438.00259403372,x
SUB,11/7/05,SBUX,30.41,0.5,1644.1959881617888,50000.0,x
ADD,11/7/07,SBUX,24.11,1.0,1644.1959881617888,39641.56527458073,x
SUB,4/11/12,SBUX,59.29,0.5,843.3125316242199,50000.0,x
SUB,1/16/95,SCHW,39.25,1.0,2547.770700636943,100000.0,x
SUB,6/22/95,SCHW,45.75,2.0,2185.792349726776,100000.0,x
ADD,8/8/11,SCHW,12.41,1.0,2366.7815251818593,29371.758727506873,x
SUB,1/14/10,SE,22.18,1.0,4508.566275924256,100000.0,x
SUB,1/19/10,SE,23.03,2.0,4342.162396873643,100000.0,x
SUB,11/15/95,SEE,30.0,0.5,1666.6666666666667,50000.0,x
SUB,11/16/95,SEE,30.63,1.0,1632.3865491348351,50000.0,x
ADD,7/22/02,SEE,31.91,0.5,1649.526607900751,52636.394058112965,x
ADD,7/23/02,SEE,31.33,0.5,1649.526607900751,51679.668625530525,x
SUB,3/15/13,SEE,24.27,1.0,4120.313143798929,100000.0,x
SUB,10/16/96,SHW,52.25,2.0,3827.751196172249,200000.0,x
ADD,8/31/98,SHW,23.88,1.0,3827.751196172249,91406.6985645933,x
SUB,12/6/00,SIAL,40.25,0.5,1242.2360248447205,50000.0,x
SUB,2/16/07,SIAL,41.62,2.0,3604.036520903412,150000.0,x
ADD,10/23/08,SIAL,36.97,0.5,1522.1271426482133,56273.04046370444,x
ADD,10/27/08,SIAL,35.3,0.5,1522.127142648213,53731.088135481914,x
SUB,8/18/08,SJM,56.36,2.0,3548.6160397444996,200000.0,x
SUB,4/4/96,SLB,84.75,0.5,589.9705014749262,50000.0,x
SUB,1/27/04,SLB,62.0,2.0,2419.3548387096776,150000.0,x
SUB,2/8/96,SLM,78.25,0.5,638.9776357827476,50000.0,x
ADD,2/10/00,SLM,33.44,0.5,2236.4217252396165,74785.94249201278,x
SUB,12/5/00,SLM,62.75,0.5,796.8127490039841,50000.0,x
SUB,11/14/96,SNA,34.25,0.5,1459.85401459854,50000.0,x
SUB,11/15/96,SNA,35.0,1.0,1428.5714285714287,50000.0,x
ADD,1/17/08,SNA,40.02,0.5,1444.2127215849844,57797.39311783108,x
ADD,1/18/08,SNA,39.78,0.5,1444.2127215849844,57450.78206465068,x
SUB,3/2/00,SNDK,104.88,2.0,1906.9412662090008,200000.0,x
SUB,8/8/00,SO,27.88,0.5,1793.400286944046,50000.0,x
SUB,9/6/00,SO,31.19,2.0,4809.233728759217,150000.0,x
ADD,2/17/09,SO,30.41,0.5,2702.0109738513925,82168.15371482084,x
SUB,10/23/96,SPG,26.88,0.5,1860.1190476190477,50000.0,x
SUB,12/9/96,SPG,29.75,2.0,5042.016806722689,150000.0,x
ADD,1/4/08,SPG,79.56,1.0,3451.067927170868,274566.96428571426,x
ADD,11/20/08,SPG,38.65,0.5,1725.533963585434,66691.88769257703,x
ADD,11/21/08,SPG,38.38,0.5,1725.533963585434,66225.99352240897,x
SUB,4/10/02,SPLS,22.14,0.5,2258.355916892502,50000.0,x
SUB,12/11/14,SPLS,16.1,1.0,3105.5900621118008,50000.0,x
SUB,12/15/14,SPLS,16.86,2.0,5931.198102016608,100000.0,x
SUB,11/1/00,SRCL,34.25,2.0,5839.41605839416,200000.0,x
ADD,10/9/08,SRCL,48.83,1.0,11678.83211678832,570277.3722627737,x
ADD,10/10/08,SRCL,49.22,0.5,5839.41605839416,287416.0583941606,x
SUB,1/23/04,SRE,31.95,1.0,3129.8904538341158,100000.0,x
SUB,7/16/08,STJ,47.12,2.0,4244.4821731748725,200000.0,x
ADD,11/20/08,STJ,25.48,0.5,1061.1205432937181,27037.35144312394,x
SUB,2/11/97,STT,78.25,1.0,1277.9552715654952,100000.0,x
SUB,1/23/13,STT,55.33,2.0,1807.3377914332189,100000.0,x
SUB,7/16/97,STZ,39.38,1.0,2539.3600812595223,100000.0,x
SUB,4/19/96,SWN,14.25,2.0,14035.087719298246,200000.0,x
ADD,8/26/98,SWN,7.44,0.5,3508.7719298245615,26105.26315789474,x
ADD,8/27/98,SWN,7.19,0.5,3508.7719298245615,25228.0701754386,x
ADD,8/28/98,SWN,7.19,0.5,3508.771929824562,25228.070175438603,x
ADD,10/19/98,SWN,5.69,0.5,3508.771929824562,19964.91228070176,x
SUB,4/8/02,SWN,13.75,1.0,7272.727272727273,100000.0,x
SUB,6/15/05,SWN,43.49,2.0,2299.379167624741,100000.0,x
ADD,6/12/06,SWN,25.88,1.0,4786.053220176007,123863.05733815506,x
ADD,6/13/06,SWN,24.8,1.0,4786.053220176007,118694.11986036498,x
SUB,3/21/14,SWN,46.57,1.0,2147.305132059266,100000.0,x
ADD,1/7/15,SWN,24.24,0.5,1073.652566029633,26025.3382005583,x
SUB,3/21/95,SYK,47.25,0.5,1058.2010582010582,50000.0,x
SUB,7/16/97,SYK,42.81,1.0,1167.95141322121,50000.0,x
SUB,1/30/07,SYK,61.86,2.0,1616.5535079211122,100000.0,x
ADD,11/14/08,SYK,44.59,0.5,3688.4919066036045,164469.85411545474,x
ADD,11/17/08,SYK,43.66,0.5,3688.491906603604,161039.55664231334,x
ADD,11/18/08,SYK,40.83,0.5,3688.4919066036045,150601.12454662516,x
ADD,11/19/08,SYK,38.83,1.0,3688.4919066036045,143224.14073341797,x
SUB,1/8/10,SYK,55.42,0.5,902.2013713460844,50000.0,x
SUB,1/18/13,SYK,61.55,1.0,812.3476848090984,50000.0,x
SUB,1/24/13,SYK,63.45,2.0,1576.0441292356186,100000.0,x
SUB,5/23/97,SYMC,18.94,1.0,5279.831045406547,100000.0,x
ADD,10/2/98,SYMC,10.13,2.0,5279.831045406547,53484.68848996832,x
SUB,1/26/04,SYMC,39.85,1.0,2509.410288582183,100000.0,x
SUB,9/20/06,SYMC,20.95,2.0,4773.26968973747,100000.0,x
SUB,12/18/97,SYY,47.13,2.0,4243.58158285593,200000.0,x
ADD,7/23/02,SYY,21.81,0.5,4243.58158285593,92552.51432208782,x
ADD,11/4/05,SYY,30.04,0.5,4243.58158285593,127477.19074899213,x
ADD,10/8/08,SYY,27.0,2.0,8487.16316571186,229153.4054742202,x
SUB,9/3/14,SYY,38.51,0.5,1298.3640612827837,50000.0,x
SUB,9/15/95,T,54.5,0.5,917.4311926605504,50000.0,x
ADD,9/27/02,T,20.15,1.0,1834.8623853211009,36972.47706422018,x
SUB,1/5/04,T,27.05,0.5,1848.4288354898335,50000.0,x
SUB,11/24/95,TAP,20.31,1.0,4923.682914820286,100000.0,x
SUB,11/28/95,TAP,20.81,2.0,4805.382027871216,100000.0,x
SUB,5/3/12,TDC,77.14,0.5,648.1721545242416,50000.0,x
SUB,9/29/95,TE,23.5,1.0,4255.31914893617,100000.0,x
SUB,10/3/95,TE,23.88,2.0,4187.604690117253,100000.0,x
ADD,3/19/99,TE,20.19,0.5,2110.7309597633557,42615.65807762215,x
ADD,10/8/02,TE,13.04,0.5,2110.7309597633557,27523.931715314156,x
ADD,10/9/02,TE,12.01,0.5,2110.7309597633557,25349.8788267579,x
ADD,10/10/02,TE,11.36,0.5,2110.7309597633557,23977.90370291172,x
SUB,6/10/05,TE,18.31,1.0,5461.496450027308,100000.0,x
SUB,6/13/05,TE,18.56,2.0,5387.931034482759,100000.0,x
ADD,8/8/11,TE,16.12,2.0,10849.427484510066,174892.77105030228,x
SUB,10/27/95,TEG,31.75,0.5,1574.8031496062993,50000.0,x
SUB,12/20/95,TEG,33.75,2.0,4444.444444444444,150000.0,x
ADD,4/24/97,TEG,24.0,0.5,1504.811898512686,36115.485564304465,x
ADD,4/25/97,TEG,23.5,0.5,1504.811898512686,35363.07961504812,x
ADD,4/28/97,TEG,23.63,0.5,1504.8118985126862,35558.70516185477,x
ADD,2/25/00,TEG,23.38,0.5,1504.8118985126862,35182.5021872266,x
SUB,2/15/05,TEG,53.6,0.5,932.8358208955224,50000.0,x
SUB,1/27/99,TGT,63.0,1.0,1587.3015873015872,100000.0,x
ADD,1/24/14,TGT,57.72,0.5,1587.3015873015872,91619.04761904762,x
ADD,1/27/14,TGT,57.71,0.5,1587.3015873015872,91603.1746031746,x
SUB,1/7/00,THC,27.63,1.0,3619.2544335866814,100000.0,x
ADD,10/25/05,THC,8.29,2.0,5428.881650380023,45005.42888165038,x
SUB,3/1/96,TJX,23.88,1.0,4187.604690117253,100000.0,x
SUB,3/4/96,TJX,24.25,2.0,4123.711340206186,100000.0,x
SUB,12/7/00,TMK,40.19,0.5,1244.090569793481,50000.0,x
ADD,7/22/02,TMK,31.0,1.0,1244.090569793481,38566.807663597916,x
SUB,2/7/07,TMK,66.87,1.0,1495.4389113204725,100000.0,x
SUB,6/20/95,TMO,39.63,0.5,1261.6704516780217,50000.0,x
SUB,7/7/95,TMO,44.88,1.0,1114.0819964349375,50000.0,x
ADD,6/4/98,TMO,33.0,0.5,1781.8143360847196,58799.87309079574,x
SUB,4/26/07,TMO,53.6,2.0,2798.507462686567,150000.0,x
SUB,9/17/96,TROW,34.75,2.0,5755.395683453237,200000.0,x
ADD,7/23/02,TROW,23.44,0.5,2877.6978417266187,67453.23741007195,x
SUB,9/29/95,TRV,58.38,2.0,3425.8307639602604,200000.0,x
ADD,8/28/98,TRV,32.0,0.5,856.4576909900651,27406.646111682083,x
ADD,8/31/98,TRV,30.75,1.0,1712.91538198013,52672.147995889,x
ADD,9/1/98,TRV,30.25,1.0,856.4576909900652,25907.845152449474,x
SUB,1/12/04,TRV,41.48,0.5,1205.400192864031,50000.0,x
SUB,1/13/04,TRV,41.76,1.0,1197.3180076628353,50000.0,x
SUB,10/18/12,TRV,73.94,2.0,1352.447930754666,100000.0,x
SUB,12/31/96,TSN,34.25,0.5,1459.85401459854,50000.0,x
SUB,2/11/10,TSN,15.96,1.0,3132.832080200501,50000.0,x
SUB,8/13/96,TSO,13.13,0.5,3808.0731150038077,50000.0,x
SUB,8/14/96,TSO,13.5,1.0,3703.703703703704,50000.0,x
ADD,1/9/08,TSO,40.39,0.5,3755.888409353756,151700.3328537982,x
ADD,1/10/08,TSO,40.19,0.5,3755.888409353756,150949.15517192744,x
SUB,12/21/95,TSS,29.88,1.0,3346.720214190094,100000.0,x
SUB,12/22/95,TSS,30.25,2.0,3305.785123966942,100000.0,x
SUB,9/11/14,TWC,154.24,0.5,324.1701244813278,50000.0,x
SUB,3/2/95,TWX,90.5,2.0,2209.9447513812156,200000.0,x
ADD,2/4/02,TWX,24.24,1.0,1104.9723756906078,26784.53038674033,x
ADD,2/5/02,TWX,23.6,1.0,1104.9723756906078,26077.348066298346,x
SUB,2/18/11,TWX,38.18,0.5,1309.5861707700367,50000.0,x
SUB,8/6/12,TWX,41.61,2.0,3604.902667627974,150000.0,x
SUB,3/28/95,TXN,97.63,0.5,512.1376626037079,50000.0,x
SUB,6/19/95,TXN,138.88,2.0,1080.069124423963,150000.0,x
ADD,2/23/01,TXN,30.15,1.0,12737.654296221368,384040.2770310742,x
ADD,2/26/01,TXN,29.15,0.5,6368.827148110684,185651.31136742642,x
SUB,10/28/03,TXN,29.35,1.0,1703.5775127768313,50000.0,x
ADD,11/20/08,TXN,14.02,0.5,4036.2023304437575,56587.556672821476,x
SUB,1/25/13,TXT,28.75,0.5,1739.1304347826087,50000.0,x
SUB,12/20/13,TXT,37.29,1.0,1340.8420488066506,50000.0,x
SUB,10/18/96,TYC,49.75,1.0,2010.0502512562814,100000.0,x
SUB,11/14/96,TYC,53.38,2.0,1873.3608092918696,100000.0,x
SUB,2/23/15,UNH,116.4,0.5,429.553264604811,50000.0,x
SUB,3/6/13,UNM,26.06,0.5,1918.6492709132772,50000.0,x
SUB,9/7/95,UNP,69.13,0.5,723.2749891508752,50000.0,x
SUB,10/17/96,UNP,53.88,2.0,2783.9643652561244,150000.0,x
ADD,4/8/04,UNP,57.05,1.0,1929.8130787842751,110095.83614464289,x
SUB,4/20/07,UNP,117.21,2.0,853.1695247845747,100000.0,x
SUB,2/19/13,UPS,84.76,0.5,589.9008966493628,50000.0,x
SUB,10/28/13,UPS,97.77,1.0,511.40431625242917,50000.0,x
SUB,10/29/13,UPS,98.31,2.0,1017.1905197843556,100000.0,x
SUB,5/13/96,URBN,39.5,1.0,2531.6455696202534,100000.0,x
ADD,11/20/08,URBN,12.82,0.5,20253.164556962027,259645.5696202532,x
SUB,1/30/96,UTX,100.75,0.5,496.27791563275434,50000.0,x
ADD,6/26/08,UTX,62.79,2.0,3970.2233250620347,249290.32258064515,x
SUB,4/29/08,V,80.88,2.0,2472.7992087042535,200000.0,x
SUB,6/30/99,VAR,25.25,0.5,1980.1980198019803,50000.0,x
SUB,4/24/96,VLO,28.0,0.5,1785.7142857142858,50000.0,x
SUB,4/29/96,VLO,28.88,1.0,1731.301939058172,50000.0,x
SUB,2/27/04,VLO,60.0,2.0,1666.6666666666667,100000.0,x
ADD,7/9/08,VLO,34.39,0.5,5183.682891439124,178266.85463659148,x
ADD,7/10/08,VLO,33.8,0.5,5183.682891439124,175208.48173064238,x
ADD,7/11/08,VLO,32.63,0.5,5183.682891439124,169143.57274765865,x
ADD,7/14/08,VLO,31.72,0.5,5183.682891439124,164426.42131644904,x
SUB,3/9/12,VLO,28.56,0.5,1750.700280112045,50000.0,x
SUB,1/29/13,VLO,43.77,1.0,1142.334932602239,50000.0,x
SUB,4/5/06,VMC,93.26,2.0,2144.542140253056,200000.0,x
SUB,3/6/02,VNO,44.12,0.5,1133.2728921124208,50000.0,x
SUB,3/10/06,VNO,94.84,1.0,527.203711514129,50000.0,x
SUB,12/9/98,VRSN,52.0,2.0,3846.153846153846,200000.0,x
SUB,6/19/00,VRTX,109.94,0.5,454.79352374022193,50000.0,x
SUB,6/20/05,VRTX,15.99,2.0,9380.863039399625,150000.0,x
ADD,1/24/08,VRTX,19.26,0.5,2458.9141407849615,47358.686351518365,x
ADD,1/25/08,VRTX,19.17,0.5,2458.914140784961,47137.38407884771,x
SUB,10/29/03,VTR,19.03,0.5,2627.430373095113,50000.0,x
SUB,6/13/97,VZ,77.25,0.5,647.2491909385113,50000.0,x
SUB,6/16/97,VZ,77.38,2.0,1938.4853967433446,150000.0,x
ADD,10/7/05,VZ,30.59,0.5,1292.867293840928,39548.810518593986,x
ADD,10/10/05,VZ,30.29,0.5,1292.8672938409277,39160.9503304417,x
ADD,10/11/05,VZ,29.94,1.0,2585.734587681856,77416.89355519477,x
SUB,9/26/06,VZ,37.96,0.5,1317.1759747102212,50000.0,x
ADD,10/8/08,VZ,27.73,0.5,1373.6612898710307,38091.62756812368,x
SUB,12/23/11,VZ,39.98,0.5,1250.6253126563283,50000.0,x
SUB,1/28/98,WAT,47.0,0.5,1063.8297872340424,50000.0,x
SUB,10/26/06,WAT,49.64,1.0,1007.252215954875,50000.0,x
SUB,11/8/96,WDC,55.5,0.5,900.9009009009009,50000.0,x
SUB,1/14/97,WDC,75.0,1.0,666.6666666666666,50000.0,x
SUB,8/11/97,WDC,50.0,2.0,2000.0,100000.0,x
SUB,1/17/96,WEC,31.75,0.5,1574.8031496062993,50000.0,x
SUB,1/18/96,WEC,31.88,1.0,1568.3814303638646,50000.0,x
ADD,9/28/99,WEC,22.69,0.5,1571.592289985082,35659.42905976151,x
SUB,6/30/05,WEC,39.0,2.0,3846.153846153846,150000.0,x
SUB,3/4/02,WFC,49.14,0.5,1017.5010175010175,50000.0,x
ADD,1/4/08,WFC,27.49,1.0,1017.5010175010175,27971.10297110297,x
SUB,5/28/04,WFM,86.0,0.5,581.3953488372093,50000.0,x
SUB,6/25/04,WFM,93.43,1.0,535.1600128438403,50000.0,x
SUB,9/22/97,WHR,67.0,2.0,2985.0746268656717,200000.0,x
ADD,8/1/11,WHR,67.84,0.5,746.2686567164179,50626.8656716418,x
ADD,8/2/11,WHR,65.13,1.0,1492.5373134328358,97208.95522388059,x
SUB,4/27/11,WM,39.46,0.5,1267.1059300557527,50000.0,x
SUB,11/9/04,WMB,13.57,0.5,3684.598378776713,50000.0,x
SUB,11/10/04,WMB,14.41,2.0,10409.43789035392,150000.0,x
ADD,9/9/08,WMB,25.68,1.0,7047.018134565316,180967.42569563733,x
ADD,9/10/08,WMB,26.09,1.0,7047.018134565316,183856.7031308091,x
SUB,2/17/11,WMB,30.08,1.0,3324.468085106383,100000.0,x
SUB,6/18/14,WMB,57.35,2.0,1743.6791630340017,100000.0,x
SUB,3/12/97,WMT,28.75,0.5,1739.1304347826087,50000.0,x
SUB,7/25/97,WMT,38.38,1.0,1302.7618551328817,50000.0,x
ADD,7/18/02,WMT,47.41,0.5,1520.9461449577452,72108.0567324467,x
ADD,7/19/02,WMT,46.5,0.5,1520.9461449577452,70723.99574053516,x
SUB,10/24/06,WMT,51.3,1.0,1949.3177387914232,100000.0,x
SUB,1/26/11,WU,20.14,0.5,2482.6216484607744,50000.0,x
SUB,6/26/14,WY,32.7,1.0,3058.103975535168,100000.0,x
SUB,10/28/03,WYNN,21.46,0.5,2329.9161230195714,50000.0,x
SUB,10/29/03,WYNN,22.49,2.0,6669.630947087595,150000.0,x
ADD,10/27/08,WYNN,33.46,0.5,2249.8867675267916,75281.21124144645,x
ADD,10/28/08,WYNN,32.88,0.5,2249.886767526791,73976.2769162809,x
ADD,11/20/08,WYNN,31.25,2.0,4499.773535053583,140617.92297042446,x
SUB,10/21/13,WYNN,173.13,0.5,288.80032345636226,50000.0,x
ADD,3/11/15,WYNN,126.63,1.0,288.80032345636226,36570.78495927915,x
SUB,4/15/98,X,42.75,0.5,1169.5906432748538,50000.0,x
ADD,8/4/98,X,25.25,1.0,1169.5906432748538,29532.16374269006,x
SUB,4/7/08,X,143.72,0.5,347.89869190091844,50000.0,x
ADD,4/2/13,X,17.65,1.0,347.89869190091844,6140.41191205121,x
SUB,12/23/97,XEL,58.06,0.5,861.178091629349,50000.0,x
ADD,10/9/08,XEL,17.61,0.5,861.178091629349,15165.346193592835,x
SUB,9/8/95,XL,60.0,2.0,3333.3333333333335,200000.0,x
ADD,2/12/08,XL,39.25,1.0,1666.6666666666667,65416.66666666667,x
ADD,12/12/08,XL,2.68,2.0,1666.6666666666667,4466.666666666667,x
SUB,8/8/12,XL,22.78,1.0,4389.815627743635,100000.0,x
SUB,7/13/95,XLNX,113.5,2.0,1762.1145374449338,200000.0,x
ADD,11/20/07,XLNX,21.95,0.5,5286.343612334802,116035.2422907489,x
ADD,11/21/07,XLNX,21.59,1.0,10572.687224669604,228264.31718061675,x
ADD,10/27/08,XLNX,17.34,0.5,5286.343612334802,91665.19823788546,x
SUB,12/11/95,XOM,84.13,2.0,2377.2732675621064,200000.0,x
SUB,3/16/95,XRX,120.13,0.5,416.2157662532257,50000.0,x
ADD,10/12/99,XRX,31.0,0.5,2497.2945975193543,77416.13252309998,x
SUB,11/3/04,XRX,15.72,0.5,3180.6615776081426,50000.0,x
SUB,11/4/04,XRX,16.4,2.0,9146.341463414636,150000.0,x
ADD,10/24/08,XRX,7.45,0.5,3081.7507602556943,22959.043163904924,x
ADD,10/27/08,XRX,7.02,0.5,3081.7507602556943,21633.890336994973,x
SUB,10/31/13,XYL,34.5,1.0,2898.550724637681,100000.0,x
SUB,11/10/98,YHOO,176.56,2.0,1132.7594019030357,200000.0,x
ADD,10/12/00,YHOO,56.63,0.5,1132.7594019030357,64148.164929768915,x
SUB,2/11/99,YUM,58.75,1.0,1702.127659574468,100000.0,x
SUB,10/10/07,YUM,38.11,2.0,2623.9832065074784,100000.0,x
SUB,11/1/95,ZION,70.25,1.0,1423.4875444839859,100000.0,x
SUB,2/6/97,ZION,124.25,2.0,804.8289738430584,100000.0,x
ADD,7/14/08,ZION,19.73,1.0,4456.633036654089,87929.36981318517,x
ADD,7/15/08,ZION,19.27,2.0,4456.633036654089,85879.3186163243,x
SUB,5/10/11,ZMH,69.69,1.0,1434.9261013057828,100000.0,x
