date,stock,close,kno,w,h,e,n,rd,pct
03/16/2005,FITB,42.89,415,1,3,0,4,R,60
03/18/2005,F,11.39,415,1,2,1,4,R,92
04/13/2005,F,10.05,415,1,1,2,4,R,92
04/15/2005,ADI,32.84,415,1,3,3,4,R,67
04/15/2005,FAST,51.13,415,1,2,1,4,R,92
04/18/2005,VZ,34.00,415,1,5,4,4,R,57
05/12/2005,TYC,28.53,415,3,1,0,4,R,60
05/13/2005,AA,26.70,415,1,2,2,4,R,83
05/20/2005,GCI,74.97,415,1,3,4,6,R,63
05/26/2005,TAP,58.09,415,4,1,0,4,R,56
06/09/2005,MKC,32.73,415,1,3,4,4,R,63
09/16/2005,PETM,22.66,415,1,2,5,4,R,68
09/16/2005,WMT,43.87,415,4,1,3,6,R,63
09/19/2005,IPG,11.05,415,3,3,3,4,R,50
09/20/2005,LEG,19.80,415,1,1,3,4,R,83
09/21/2005,EMN,44.70,415,1,2,3,4,R,75
09/22/2005,DIS,23.23,415,1,2,4,4,R,72
09/22/2005,PBI,41.49,415,1,3,5,4,R,60
09/23/2005,AA,24.42,415,1,2,3,4,R,75
09/28/2005,BAC,41.60,415,1,3,4,6,R,63
10/05/2005,BMY,23.17,415,1,2,3,4,R,75
10/06/2005,GPS,16.91,415,4,1,4,4,R,60
10/07/2005,LEG,19.30,415,2,1,5,4,R,68
10/07/2005,T,22.75,415,1,2,3,4,R,75
10/07/2005,VZ,30.59,415,1,2,2,4,R,83
10/11/2005,BMY,22.56,415,1,1,3,6,R,83
10/13/2005,KMB,56.91,415,1,1,3,4,R,83
10/13/2005,T,22.25,415,1,1,3,6,R,83
10/18/2005,FTR,12.23,415,2,1,5,6,R,68
10/19/2005,MDLZ,28.39,415,1,1,2,4,R,92
10/21/2005,BMY,21.45,415,1,1,3,4,R,83
10/21/2005,HON,33.21,415,1,1,3,4,R,83
10/21/2005,PFE,21.25,415,1,1,3,4,R,83
10/21/2005,STX,14.27,415,1,3,5,4,R,60
10/24/2005,VFC,51.80,415,1,1,1,4,R,100
10/25/2005,THC,8.29,415,1,1,1,4,R,100
10/27/2005,FOSL,15.19,415,4,2,2,4,R,63
10/27/2005,IFF,32.24,415,1,2,3,4,R,75
10/27/2005,KSS,43.81,415,1,2,2,4,R,83
11/04/2005,SYY,30.04,415,1,3,1,4,R,83
11/07/2005,THC,7.48,415,1,1,2,4,R,92
11/08/2005,CMCSA,26.36,415,1,2,3,4,R,75
11/15/2005,DTV,13.69,415,2,3,3,4,R,58
11/15/2005,IPG,9.75,415,1,2,4,4,R,72
03/06/2006,PNW,39.16,415,1,2,1,4,R,92
03/28/2006,TEG,49.33,415,2,2,4,4,R,63
04/18/2006,MDT,49.29,415,1,2,4,4,R,72
04/25/2006,EBAY,34.49,415,2,3,0,4,R,50
05/05/2006,UNH,46.39,415,2,1,3,4,R,75
05/23/2006,UNH,42.82,415,1,1,5,4,R,77
05/30/2006,URBN,18.43,415,3,3,0,4,R,40
06/06/2006,PHM,28.11,415,1,1,1,4,R,100
06/07/2006,DHI,23.31,415,1,2,2,4,R,83
06/07/2006,MHK,71.21,415,4,3,2,4,R,55
06/07/2006,WY,60.38,415,4,1,3,4,R,63
06/08/2006,LEN,44.51,415,2,1,1,4,R,92
06/12/2006,EOG,57.48,415,4,3,2,4,R,55
06/12/2006,SWN,25.88,415,1,2,1,4,R,92
06/13/2006,BEAM,69.95,415,1,1,3,4,R,83
06/13/2006,PXD,36.53,415,1,3,1,4,R,83
07/10/2006,ACT,22.70,415,4,3,2,4,R,55
07/11/2006,HD,34.38,415,1,2,1,4,R,92
07/13/2006,A,28.47,415,1,1,3,3,R,83
07/13/2006,CERN,34.35,415,1,4,3,4,R,63
07/13/2006,LEN,41.07,415,1,3,5,4,R,60
07/13/2006,SWK,43.44,415,1,2,3,3,R,75
07/14/2006,CA,19.21,415,1,2,3,4,R,75
07/21/2006,QCOM,34.44,415,1,1,3,4,R,83
07/24/2006,BRCM,23.00,415,1,2,2,4,R,83
07/27/2006,PNR,27.62,415,1,2,3,4,R,75
07/31/2006,AET,31.49,415,1,1,2,4,R,92
08/01/2006,IR,35.29,415,2,2,3,4,R,67
08/02/2006,PGR,23.65,415,1,2,4,4,R,72
08/03/2006,AFL,43.15,415,1,3,3,6,R,67
08/07/2006,LIFE,55.88,415,1,2,4,4,R,72
08/07/2006,ROST,23.24,415,2,2,3,4,R,67
08/09/2006,PGR,22.24,415,1,1,5,4,R,77
08/23/2006,NFLX,18.68,415,4,2,2,4,R,63
08/28/2006,HRB,20.63,415,1,2,3,4,R,75
09/11/2006,NEM,45.57,415,1,3,2,4,R,75
09/19/2006,CNX,30.11,415,2,2,3,4,R,67
10/03/2006,HAL,26.57,415,4,3,3,4,R,47
11/01/2006,ESRX,59.99,415,1,1,3,4,R,83
11/10/2006,CAH,62.05,415,1,3,4,4,R,63
11/27/2006,CVS,27.19,415,1,3,2,4,R,75
01/09/2007,MSI,18.26,415,1,2,5,4,R,68
03/13/2007,HRB,20.05,415,1,1,4,4,R,80
05/16/2007,SBUX,28.20,415,1,4,3,4,R,63
06/22/2007,RF,33.52,415,1,3,3,4,R,67
06/25/2007,KIM,37.99,415,1,1,4,4,R,80
06/26/2007,SCG,38.18,415,1,1,3,4,R,83
07/20/2007,CINF,41.98,415,1,3,3,4,R,67
07/20/2007,THC,6.18,415,1,3,3,4,R,67
07/24/2007,BXP,98.25,415,1,3,2,4,R,75
07/24/2007,DHI,17.50,415,1,2,2,4,R,83
07/24/2007,PHM,20.46,415,4,2,3,4,R,55
07/24/2007,RF,31.66,415,1,1,3,4,R,83
07/25/2007,BSX,14.07,415,1,3,2,4,R,75
07/25/2007,PSA,72.43,415,1,3,5,4,R,60
07/26/2007,MAC,75.94,415,1,3,3,4,R,67
07/26/2007,PNC,65.96,415,1,1,1,3,R,100
07/31/2007,HRL,34.42,415,1,2,2,4,R,83
07/31/2007,MCO,53.80,415,1,1,3,4,R,83
07/31/2007,PNW,37.48,415,1,2,4,4,R,72
08/06/2007,IPG,9.75,415,1,1,2,4,R,92
08/07/2007,MYL,15.09,415,1,1,2,4,R,92
08/09/2007,CPB,35.25,415,1,1,3,3,R,83
08/09/2007,HRL,31.76,415,1,1,2,4,R,92
08/13/2007,KEY,33.10,415,2,2,5,4,R,60
08/14/2007,WIN,13.40,415,1,1,3,4,R,83
08/15/2007,LEG,19.10,415,1,1,3,4,R,83
08/15/2007,MS,56.63,415,1,1,2,4,R,92
08/16/2007,HD,32.82,415,1,1,4,4,R,80
08/17/2007,CTAS,35.37,415,1,2,5,4,R,68
08/21/2007,BSX,12.16,415,1,1,3,4,R,83
08/28/2007,CTSH,69.85,415,1,2,0,4,R,70
09/05/2007,RHI,30.43,415,1,2,4,4,R,72
09/07/2007,VMC,84.65,415,1,2,0,4,R,70
09/10/2007,BBBY,32.47,415,1,3,0,4,R,60
09/10/2007,HOG,47.46,415,1,1,3,4,R,83
09/12/2007,LEN,25.06,415,2,2,0,4,R,60
09/17/2007,OMC,48.76,415,1,1,0,4,R,80
09/25/2007,ETFC,11.89,415,1,1,3,4,R,83
09/26/2007,DHI,12.86,415,4,2,3,4,R,55
10/12/2007,AVY,55.24,415,1,4,4,4,R,60
10/16/2007,FITB,31.13,415,1,1,2,4,R,92
10/16/2007,MTB,97.94,415,1,3,3,4,R,67
10/17/2007,CMA,49.07,415,1,2,3,4,R,75
10/17/2007,HD,31.78,415,1,3,5,4,R,60
10/17/2007,RF,28.06,415,1,3,3,4,R,67
10/19/2007,ETFC,10.71,415,1,2,1,4,R,92
10/19/2007,FDO,24.56,415,1,3,0,4,R,60
10/19/2007,HSY,41.72,415,1,2,3,4,R,75
10/24/2007,MU,9.78,415,2,3,3,4,R,58
10/29/2007,CMCSA,20.92,415,2,1,3,4,R,75
10/29/2007,CMCSK,20.78,415,2,1,3,4,R,75
11/01/2007,CMA,44.28,415,4,1,2,4,R,72
11/02/2007,STI,68.21,415,4,2,3,4,R,55
11/05/2007,ETFC,9.17,415,1,2,4,4,R,72
11/05/2007,IPG,9.33,415,1,2,5,4,R,68
11/05/2007,JPM,42.77,415,1,3,3,4,R,67
11/05/2007,PETM,27.77,415,4,2,4,4,R,52
11/05/2007,RF,25.06,415,1,1,3,4,R,83
11/05/2007,SBUX,24.96,415,1,3,3,4,R,67
11/07/2007,MAR,36.93,415,1,2,2,4,R,83
11/07/2007,PETM,26.69,415,1,1,3,4,R,83
11/08/2007,LUV,13.25,415,1,2,3,4,R,75
11/08/2007,WHR,73.86,415,1,2,5,4,R,68
11/09/2007,CMCSA,19.38,415,1,1,4,4,R,80
11/09/2007,CMCSK,19.22,415,1,1,4,4,R,80
11/09/2007,HD,28.05,415,1,1,3,4,R,83
11/09/2007,XLNX,23.03,415,1,3,3,4,R,67
11/12/2007,ETFC,3.55,415,1,1,3,4,R,83
11/12/2007,LEG,18.19,415,2,4,3,4,R,55
11/15/2007,CBG,19.28,415,3,2,3,4,R,58
11/19/2007,AVB,99.39,415,1,2,0,4,R,70
11/19/2007,CBS,26.57,415,1,2,0,4,R,70
11/19/2007,MAS,22.26,415,1,5,2,4,R,68
11/19/2007,MU,8.84,415,1,2,0,4,R,70
11/19/2007,SWK,49.56,415,1,2,3,3,R,75
11/20/2007,AIG,54.44,415,1,1,0,4,R,80
11/20/2007,BBBY,30.40,415,4,3,2,4,R,55
11/20/2007,BXP,91.90,415,1,3,2,4,R,75
11/20/2007,MS,50.43,415,4,2,4,4,R,52
11/20/2007,R,40.37,415,1,1,1,4,R,100
11/21/2007,PHM,9.25,415,1,1,1,4,R,100
12/07/2007,FDO,20.30,415,1,2,2,4,R,83
12/11/2007,IPG,8.60,415,1,2,1,4,R,92
12/13/2007,SBUX,21.50,415,1,1,4,4,R,80
12/14/2007,DRI,35.79,415,1,2,3,4,R,75
12/14/2007,MAR,31.49,415,1,1,1,4,R,100
12/17/2007,AN,15.15,415,1,3,3,4,R,67
12/17/2007,AVB,91.56,415,4,2,3,4,R,55
12/17/2007,MU,7.89,415,1,2,0,4,R,70
12/17/2007,SBUX,20.15,415,1,1,3,4,R,83
12/18/2007,SWK,47.46,415,1,2,5,4,R,68
12/28/2007,LUV,12.23,415,3,2,0,4,R,50
12/28/2007,MU,7.27,415,3,2,4,4,R,55
01/04/2008,AVB,84.02,415,1,2,3,4,R,75
01/04/2008,FDO,17.00,415,1,2,3,4,R,75
01/04/2008,HIG,82.95,415,4,3,3,4,R,47
01/04/2008,KLAC,43.52,415,1,2,1,4,R,92
01/04/2008,MAC,64.86,415,1,2,2,4,R,83
01/04/2008,NWL,23.91,415,1,2,1,4,R,92
01/04/2008,SBUX,18.11,415,1,1,3,4,R,83
01/04/2008,SPG,79.56,415,1,2,1,4,R,92
01/04/2008,WFC,27.49,415,1,1,2,4,R,92
01/04/2008,WYN,21.93,415,1,1,2,4,R,92
01/07/2008,AMAT,16.73,415,1,3,5,4,R,60
01/07/2008,AN,13.80,415,1,2,1,4,R,92
01/07/2008,HOG,41.23,415,1,2,3,4,R,75
01/07/2008,TSO,42.27,415,1,3,2,4,R,75
01/08/2008,BEAM,70.20,415,1,2,2,4,R,83
01/08/2008,BXP,82.10,415,4,2,4,4,R,52
01/08/2008,DRI,23.64,415,1,1,1,4,R,100
01/08/2008,ETFC,2.25,415,1,1,3,4,R,83
01/08/2008,IPG,7.54,415,2,2,3,4,R,67
01/08/2008,NTAP,22.28,415,4,3,3,4,R,47
01/08/2008,SNA,43.67,415,1,3,3,4,R,67
01/10/2008,AKAM,28.03,415,1,3,3,4,R,67
01/11/2008,FDO,15.90,415,2,2,4,4,R,63
01/11/2008,HBAN,12.48,415,1,2,3,4,R,75
01/11/2008,LLTC,27.88,415,1,2,4,4,R,72
01/15/2008,KMX,17.28,415,1,2,3,4,R,75
01/16/2008,DRI,20.99,415,1,1,4,4,R,80
01/17/2008,CAT,62.47,415,1,3,4,4,R,63
01/17/2008,CBS,23.30,415,2,2,4,4,R,63
01/17/2008,SNA,40.02,415,1,1,3,4,R,83
01/18/2008,AMT,36.64,415,1,2,3,4,R,75
01/18/2008,KMB,65.06,415,1,2,3,3,R,75
01/18/2008,YHOO,20.78,415,1,3,4,4,R,63
01/22/2008,BEAM,65.67,415,2,1,4,4,R,72
01/22/2008,GNW,21.57,415,1,3,3,4,R,67
01/22/2008,MDLZ,29.88,415,1,2,4,3,R,72
01/22/2008,PBI,34.06,415,2,2,4,4,R,63
01/24/2008,VRTX,19.26,415,1,3,1,4,R,83
02/01/2008,BHI,64.22,415,1,2,3,4,R,75
02/06/2008,ADP,37.91,415,4,1,5,4,R,57
02/06/2008,TSO,35.57,415,1,3,5,4,R,60
02/08/2008,CLX,57.06,415,1,2,3,4,R,75
02/08/2008,VRTX,18.10,415,4,3,3,4,R,47
02/12/2008,XL,39.25,415,1,2,1,4,R,92
03/03/2008,GAS,34.01,415,1,2,3,4,R,75
03/04/2008,ADSK,29.90,415,1,1,3,4,R,83
03/10/2008,BBY,39.76,415,1,2,3,3,R,75
03/10/2008,IVZ,21.43,415,1,2,4,4,R,72
03/10/2008,NVDA,18.43,415,1,2,2,4,R,83
03/10/2008,PAYX,30.48,415,2,3,0,4,R,50
03/10/2008,PVH,31.78,415,1,3,0,4,R,60
03/10/2008,SNDK,21.14,415,2,3,4,4,R,55
03/11/2008,BA,73.40,415,1,3,3,4,R,67
03/11/2008,UNH,38.24,415,1,1,4,4,R,80
03/13/2008,ABC,39.64,415,2,2,4,4,R,63
03/14/2008,GHC,660.95,415,1,1,0,7,R,80
03/17/2008,AIG,39.80,415,1,1,3,4,R,83
03/17/2008,IRM,24.95,415,1,1,4,4,R,80
04/11/2008,FIS,35.23,415,1,3,5,4,R,60
04/15/2008,FOX,18.07,415,4,4,2,4,R,52
04/28/2008,CCE,22.50,415,1,3,3,4,R,67
04/30/2008,MO,20.00,415,4,1,2,4,R,72
05/01/2008,RAI,53.64,415,1,1,1,4,R,100
05/09/2008,CCE,21.49,415,1,2,4,4,R,72
05/09/2008,CINF,35.03,415,2,4,4,4,R,52
05/29/2008,VIAB,35.63,415,1,3,3,4,R,67
06/03/2008,FITB,17.35,415,1,3,3,4,R,67
06/04/2008,BAC,31.99,415,1,3,3,4,R,67
06/04/2008,CME,378.00,415,1,2,3,3,R,75
06/09/2008,REGN,14.70,415,1,2,3,4,R,75
06/12/2008,DAL,5.14,415,4,3,3,4,R,47
06/12/2008,FITB,14.69,415,1,1,3,4,R,83
06/13/2008,ZION,34.94,415,2,3,2,4,R,67
06/17/2008,CINF,29.77,415,1,1,2,4,R,92
06/19/2008,MSI,8.09,415,4,4,1,4,R,60
06/20/2008,FOX,16.66,415,1,2,3,4,R,75
06/20/2008,GHC,559.00,415,1,1,3,3,R,83
06/23/2008,AN,11.64,415,1,1,3,4,R,83
06/23/2008,BAC,25.88,415,1,1,2,4,R,92
06/23/2008,CI,35.36,415,1,2,3,4,R,75
06/23/2008,MAS,16.32,415,4,3,3,4,R,47
06/24/2008,SEE,19.96,415,1,2,1,4,R,92
06/24/2008,UPS,62.26,415,1,1,3,4,R,83
06/26/2008,UTX,62.79,415,1,1,1,4,R,100
06/30/2008,BAC,23.87,415,1,1,3,4,R,83
06/30/2008,FOX,15.35,415,1,1,4,4,R,80
06/30/2008,LM,43.57,415,1,2,3,4,R,75
06/30/2008,NDAQ,26.55,415,1,2,3,4,R,75
06/30/2008,ORLY,22.35,415,1,2,5,4,R,68
06/30/2008,PNW,30.77,415,1,3,3,4,R,67
06/30/2008,WFM,23.69,415,1,2,5,4,R,68
07/01/2008,AN,9.92,415,1,1,3,4,R,83
07/01/2008,CBS,19.17,415,4,3,2,4,R,55
07/01/2008,CINF,25.20,415,1,1,4,4,R,80
07/01/2008,CME,359.39,415,1,2,1,3,R,92
07/01/2008,CTXS,28.99,415,1,3,3,4,R,67
07/01/2008,HD,23.21,415,1,2,0,4,R,70
07/01/2008,PFG,40.97,415,1,2,2,4,R,83
07/01/2008,SEE,18.83,415,1,2,4,4,R,72
07/02/2008,HOT,37.31,415,1,2,2,4,R,83
07/02/2008,HST,12.93,415,1,1,3,4,R,83
07/02/2008,STT,61.48,415,1,3,3,4,R,67
07/03/2008,GCI,19.60,415,1,1,3,4,R,83
07/07/2008,ED,38.00,415,2,3,0,4,R,50
07/07/2008,VIAB,28.77,415,4,1,1,4,R,80
07/07/2008,VLO,36.79,415,2,2,4,4,R,63
07/09/2008,GLW,20.30,415,1,1,2,4,R,92
07/09/2008,LRCX,33.75,415,1,3,3,4,R,67
07/11/2008,GNW,16.39,415,3,1,3,4,R,67
07/11/2008,HIG,57.62,415,1,2,4,4,R,72
07/11/2008,LEN,10.31,415,3,2,0,4,R,50
07/11/2008,LOW,18.90,415,1,2,0,4,R,70
07/11/2008,MHK,59.07,415,3,2,0,4,R,50
07/14/2008,CBS,16.86,415,1,1,3,4,R,83
07/14/2008,CINF,22.38,415,1,1,3,4,R,83
07/14/2008,CME,295.84,415,1,1,4,4,R,80
07/14/2008,GCI,17.61,415,1,1,3,4,R,83
07/14/2008,HST,11.14,415,1,1,3,4,R,83
07/14/2008,IPG,7.38,415,1,1,0,4,R,80
07/14/2008,KEY,8.77,415,1,1,2,4,R,92
07/14/2008,MS,31.75,415,1,2,4,4,R,72
07/14/2008,PFG,36.55,415,1,1,3,4,R,83
07/14/2008,RF,7.13,415,1,1,3,4,R,83
07/14/2008,SBUX,14.00,415,2,2,0,4,R,60
07/14/2008,STI,28.28,415,1,1,4,4,R,80
07/14/2008,SWK,42.12,415,1,2,5,4,R,68
07/14/2008,USB,23.33,415,1,1,1,4,R,100
07/14/2008,WFC,21.57,415,1,2,3,4,R,75
07/14/2008,WYN,15.28,415,2,2,3,4,R,67
07/14/2008,XL,15.95,415,1,1,4,4,R,80
07/14/2008,ZION,19.73,415,1,1,2,4,R,92
07/15/2008,ADM,28.37,415,1,1,3,4,R,83
07/15/2008,BAC,18.52,415,1,1,4,4,R,80
07/15/2008,BK,34.09,415,1,1,4,4,R,80
07/15/2008,C,14.56,415,1,3,2,4,R,75
07/15/2008,KIM,30.20,415,1,2,3,4,R,75
07/15/2008,LM,29.95,415,1,1,4,4,R,80
07/15/2008,MAS,13.92,415,3,2,3,4,R,58
07/15/2008,TGT,43.68,415,1,2,3,4,R,75
07/15/2008,UPS,56.44,415,1,1,4,4,R,80
07/16/2008,ETN,73.37,415,1,1,2,4,R,92
07/25/2008,ATI,45.46,415,1,2,2,4,R,83
07/25/2008,CTXS,25.69,415,4,2,3,4,R,55
07/28/2008,BK,33.04,415,4,1,4,4,R,60
08/07/2008,AKAM,22.23,415,3,1,4,4,R,63
08/08/2008,WFM,18.65,415,1,2,5,4,R,68
08/21/2008,PLD,42.96,415,1,3,4,4,R,63
08/21/2008,TXT,38.03,415,1,3,5,4,R,60
09/04/2008,ADM,22.97,415,1,3,4,4,R,63
09/04/2008,AKAM,19.64,415,1,2,4,4,R,72
09/04/2008,EMN,57.56,415,4,3,3,4,R,47
09/05/2008,EMR,44.22,415,1,3,3,4,R,67
09/05/2008,FCX,73.91,415,1,2,1,4,R,92
09/05/2008,JEC,64.57,415,1,3,1,4,R,83
09/09/2008,COP,68.31,415,1,2,3,4,R,75
09/09/2008,RDC,31.43,415,1,2,3,4,R,75
09/09/2008,WMB,25.68,415,1,2,1,4,R,92
09/15/2008,GS,135.50,415,1,2,1,4,R,92
09/15/2008,TSS,17.94,415,4,3,3,4,R,47
09/17/2008,EA,41.04,415,1,3,3,4,R,67
09/17/2008,LLY,43.92,415,1,3,3,4,R,67
09/23/2008,CAH,49.10,415,3,3,4,4,R,47
09/24/2008,GD,77.73,415,1,2,0,4,R,70
09/24/2008,GME,34.60,415,1,3,5,4,R,60
09/26/2008,PX,74.15,415,1,1,3,4,R,83
09/29/2008,DE,47.76,415,1,1,2,4,R,92
09/29/2008,JOY,39.93,415,1,1,3,4,R,83
09/29/2008,PCP,77.74,415,3,3,3,4,R,50
10/02/2008,NEM,34.20,415,1,1,2,4,R,92
10/02/2008,WAG,29.12,415,1,1,3,4,R,83
10/03/2008,AA,19.24,415,1,1,2,4,R,92
10/03/2008,CNP,13.60,415,1,2,3,4,R,75
10/03/2008,HAL,26.80,415,1,1,2,4,R,92
10/03/2008,HAR,27.23,415,1,2,3,4,R,75
10/03/2008,ITW,40.37,415,1,1,4,4,R,80
10/06/2008,ADM,18.37,415,2,2,3,4,R,67
10/06/2008,AES,8.83,415,1,1,5,4,R,77
10/06/2008,BBY,32.41,415,1,1,5,4,R,77
10/06/2008,CCI,23.33,415,1,1,4,4,R,80
10/06/2008,CRM,40.40,415,1,1,0,4,R,80
10/06/2008,DE,37.29,415,1,1,2,4,R,92
10/06/2008,DNR,14.09,415,1,1,5,4,R,77
10/06/2008,EA,30.81,415,1,1,4,4,R,80
10/06/2008,EBAY,17.89,415,1,1,0,4,R,80
10/06/2008,FCX,43.71,415,2,1,4,4,R,72
10/06/2008,GHC,508.95,415,1,2,4,3,R,72
10/06/2008,KLAC,27.41,415,1,1,3,4,R,83
10/06/2008,LH,62.98,415,1,1,4,4,R,80
10/06/2008,NBL,42.76,415,1,1,0,4,R,80
10/06/2008,PBI,30.56,415,1,2,5,4,R,68
10/06/2008,PLD,31.80,415,1,1,0,4,R,80
10/06/2008,RIG,88.38,415,1,1,4,4,R,80
10/06/2008,ROP,46.61,415,1,1,4,4,R,80
10/07/2008,ADBE,28.69,415,1,1,2,4,R,92
10/07/2008,CHK,22.40,415,1,1,2,4,R,92
10/07/2008,CSC,33.26,415,1,1,3,4,R,83
10/07/2008,CVC,18.35,415,1,1,4,4,R,80
10/07/2008,CVS,29.13,415,1,1,3,4,R,83
10/07/2008,D,38.32,415,1,2,3,4,R,75
10/07/2008,DTE,36.15,415,1,1,3,4,R,83
10/07/2008,GME,30.75,415,1,2,1,4,R,92
10/07/2008,MCHP,25.20,415,1,2,2,3,R,83
10/07/2008,NBR,17.78,415,1,1,2,4,R,92
10/07/2008,ORCL,16.78,415,1,1,2,4,R,92
10/07/2008,UNH,20.52,415,1,2,2,4,R,83
10/07/2008,VZ,28.89,415,1,2,3,4,R,75
10/07/2008,WMB,17.51,415,1,1,3,4,R,83
10/07/2008,WU,18.42,415,1,1,2,4,R,92
10/07/2008,XEL,18.64,415,1,2,0,4,R,70
10/08/2008,CAH,42.69,415,1,1,3,4,R,83
10/08/2008,ETR,76.07,415,1,1,3,4,R,83
10/08/2008,FOSL,22.88,415,1,3,3,4,R,67
10/08/2008,NU,21.28,415,1,1,1,4,R,100
10/08/2008,PCP,62.91,415,1,1,3,4,R,83
10/08/2008,RAI,43.30,415,1,2,3,4,R,75
10/08/2008,SYY,27.00,415,1,1,1,4,R,100
10/09/2008,EIX,31.56,415,1,1,2,4,R,92
10/09/2008,GS,101.35,415,1,1,4,4,R,80
10/09/2008,PX,61.26,415,1,1,4,4,R,80
10/09/2008,SRCL,48.83,415,1,1,2,4,R,92
10/09/2008,TSS,13.60,415,1,1,0,4,R,80
10/10/2008,JOY,28.88,415,1,1,3,4,R,83
10/10/2008,VIAB,16.50,415,1,1,3,4,R,83
10/16/2008,JOY,24.80,415,1,1,1,4,R,100
10/20/2008,PLD,21.73,415,2,1,3,4,R,75
10/21/2008,HAR,19.45,415,1,1,5,4,R,77
10/21/2008,KLAC,20.67,415,3,1,5,4,R,60
10/22/2008,GLW,10.97,415,1,1,0,4,R,80
10/23/2008,CRM,27.21,415,1,1,3,4,R,83
10/23/2008,EFX,23.84,415,1,1,4,4,R,80
10/23/2008,FCX,26.28,415,1,1,4,4,R,80
10/23/2008,GRMN,21.94,415,4,2,0,4,R,46
10/23/2008,INTC,14.51,415,4,1,3,4,R,63
10/23/2008,LMT,79.64,415,1,1,5,4,R,77
10/23/2008,LSI,3.58,415,4,1,5,4,R,57
10/23/2008,MCO,21.14,415,4,1,5,4,R,57
10/23/2008,SIAL,36.97,415,1,1,3,4,R,83
10/23/2008,TXT,11.69,415,1,1,1,4,R,100
10/23/2008,VRSN,20.17,415,4,2,0,4,R,46
10/23/2008,XRX,7.71,415,4,1,3,4,R,63
10/24/2008,AA,9.41,415,1,1,4,4,R,80
10/24/2008,BDX,66.94,415,1,1,4,4,R,80
10/24/2008,DE,30.36,415,1,1,2,4,R,92
10/24/2008,FMC,30.75,415,1,1,4,4,R,80
10/24/2008,FTR,7.71,415,1,1,0,4,R,80
10/24/2008,LLTC,19.83,415,1,1,5,4,R,77
10/24/2008,MYL,6.26,415,1,1,0,4,R,80
10/24/2008,PBI,21.64,415,1,1,0,4,R,80
10/24/2008,PDCO,21.63,415,1,1,4,4,R,80
10/24/2008,PKI,17.46,415,1,1,4,4,R,80
10/24/2008,TEL,17.69,415,1,1,5,4,R,77
10/24/2008,THC,3.60,415,1,1,0,4,R,80
10/24/2008,WYNN,36.59,415,1,1,4,4,R,80
10/24/2008,XLNX,18.06,415,1,1,4,4,R,80
10/27/2008,ADBE,23.68,415,1,1,3,4,R,83
10/27/2008,CAH,35.25,415,1,1,3,4,R,83
10/27/2008,CTL,25.62,415,1,1,1,4,R,100
10/27/2008,ETFC,1.72,415,1,2,3,4,R,75
10/27/2008,FLS,43.50,415,1,1,3,4,R,83
10/27/2008,FOSL,15.35,415,1,1,0,4,R,80
10/27/2008,IR,16.01,415,1,1,2,4,R,92
10/27/2008,ITW,28.75,415,1,1,0,4,R,80
10/27/2008,KO,41.01,415,1,1,3,4,R,83
10/27/2008,NTAP,11.79,415,1,1,0,4,R,80
10/27/2008,PX,50.06,415,1,1,2,4,R,92
10/27/2008,ROK,22.63,415,1,1,0,4,R,80
10/27/2008,WAG,21.40,415,1,1,2,4,R,92
10/31/2008,TE,11.54,415,1,1,5,4,R,77
11/06/2008,AES,6.61,415,1,1,3,4,R,83
11/06/2008,THC,2.32,415,1,1,5,4,R,77
11/07/2008,FOSL,14.64,415,4,1,3,4,R,63
11/07/2008,PLD,9.96,415,4,1,4,4,R,60
11/10/2008,LB,9.87,415,1,1,0,4,R,80
11/11/2008,TDC,13.33,415,1,1,0,4,R,80
11/12/2008,COST,48.78,415,1,1,3,4,R,83
11/12/2008,CVC,13.61,415,1,2,0,4,R,70
11/12/2008,EBAY,12.30,415,1,1,0,4,R,80
11/12/2008,ECL,30.62,415,1,1,3,4,R,83
11/12/2008,JBL,6.20,415,1,3,5,4,R,60
11/12/2008,LMT,71.70,415,1,1,4,4,R,80
11/12/2008,PLD,4.47,415,1,1,1,4,R,100
11/12/2008,SPG,51.31,415,1,1,4,4,R,80
11/12/2008,TEL,13.10,415,1,1,3,4,R,83
11/12/2008,XRX,6.58,415,1,1,5,4,R,77
11/13/2008,C,9.45,415,1,2,4,4,R,72
11/13/2008,LLL,71.08,415,1,1,5,4,R,77
11/13/2008,PRU,25.14,415,1,1,4,4,R,80
11/14/2008,SYK,44.59,415,1,1,3,4,R,83
11/18/2008,HST,6.67,415,1,2,4,4,R,72
11/19/2008,AA,8.16,415,1,1,5,4,R,77
11/19/2008,AMT,21.58,415,1,1,0,4,R,80
11/19/2008,AVY,27.72,415,1,1,5,4,R,77
11/19/2008,BLK,98.88,415,1,1,0,4,R,80
11/19/2008,CAH,31.92,415,1,1,4,4,R,80
11/19/2008,COST,45.27,415,1,1,0,4,R,80
11/19/2008,CRM,21.96,415,1,1,4,4,R,80
11/19/2008,DD,24.26,415,1,1,0,4,R,80
11/19/2008,EA,17.11,415,1,1,0,4,R,80
11/19/2008,EL,27.92,415,1,1,0,4,R,80
11/19/2008,ETFC,0.98,415,1,1,3,4,R,83
11/19/2008,FCX,20.24,415,1,1,0,4,R,80
11/19/2008,FOSL,11.89,415,1,1,0,4,R,80
11/19/2008,FSLR,101.13,415,4,2,3,4,R,55
11/19/2008,GME,20.56,415,1,1,3,4,R,83
11/19/2008,GRMN,15.98,415,1,2,5,4,R,68
11/19/2008,GS,55.18,415,1,1,0,4,R,80
11/19/2008,GT,4.83,415,1,1,0,4,R,80
11/19/2008,HAR,10.65,415,1,1,4,4,R,80
11/19/2008,HCP,17.60,415,1,1,3,4,R,83
11/19/2008,HOT,12.17,415,1,1,4,4,R,80
11/19/2008,IPG,2.61,415,1,1,3,4,R,83
11/19/2008,IR,13.77,415,1,1,0,4,R,80
11/19/2008,JNPR,14.04,415,4,2,0,4,R,46
11/19/2008,KIM,12.77,415,1,1,3,4,R,83
11/19/2008,KLAC,15.24,415,1,1,0,4,R,80
11/19/2008,LSI,2.55,415,1,1,0,4,R,80
11/19/2008,LUV,8.67,415,1,1,5,4,R,77
11/19/2008,M,5.68,415,1,1,5,4,R,77
11/19/2008,MAT,11.51,415,1,1,4,4,R,80
11/19/2008,MCHP,17.51,415,1,1,0,4,R,80
11/19/2008,MDT,31.20,415,1,1,3,4,R,83
11/19/2008,MSI,3.44,415,1,1,5,4,R,77
11/19/2008,NOC,36.80,415,1,1,0,4,R,80
11/19/2008,R,30.31,415,1,1,5,4,R,77
11/19/2008,RL,32.80,415,1,1,0,4,R,80
11/19/2008,SPG,41.07,415,1,1,4,4,R,80
11/19/2008,STJ,27.80,415,1,1,4,4,R,80
11/19/2008,STX,3.91,415,1,1,3,4,R,83
11/19/2008,THC,1.46,415,1,1,0,4,R,80
11/19/2008,URBN,13.30,415,1,1,5,4,R,77
11/19/2008,VFC,39.88,415,1,1,4,4,R,80
11/19/2008,WU,11.42,415,1,1,5,4,R,77
11/20/2008,AKAM,9.29,415,1,2,3,4,R,75
11/20/2008,CF,39.38,415,1,2,4,4,R,72
11/20/2008,CMCSK,12.69,415,1,2,5,4,R,68
11/20/2008,EIX,29.58,415,4,2,3,4,R,55
11/20/2008,FLR,29.56,415,4,3,3,4,R,47
11/20/2008,JOY,15.21,415,1,1,4,4,R,80
11/20/2008,PNW,26.95,415,4,1,1,4,R,80
11/20/2008,PRU,13.73,415,1,1,4,4,R,80
11/20/2008,PVH,13.63,415,1,1,5,4,R,77
11/20/2008,TDC,11.46,415,3,1,0,4,R,60
11/20/2008,TXN,14.02,415,1,1,3,4,R,83
11/20/2008,WYNN,31.25,415,1,1,1,4,R,100
11/21/2008,XRX,5.25,415,1,1,5,4,R,77
12/12/2008,XL,2.68,415,1,1,1,4,R,100
12/19/2008,RIG,46.72,415,1,2,3,4,R,75
12/22/2008,CPB,27.80,415,4,1,0,4,R,56
01/09/2009,ISRG,101.80,415,1,3,3,4,R,67
01/14/2009,HSP,24.61,415,1,3,2,4,R,75
01/14/2009,NSC,39.52,415,1,3,3,4,R,67
01/16/2009,C,3.50,415,1,2,2,4,R,83
01/16/2009,PNC,37.54,415,1,3,2,4,R,75
01/16/2009,ZION,16.49,415,1,3,1,4,R,83
01/20/2009,SCHW,13.70,415,1,3,3,4,R,67
01/20/2009,USB,15.34,415,1,1,1,4,R,100
01/22/2009,WMT,48.87,415,1,2,4,4,R,72
02/03/2009,GCI,4.96,415,1,3,3,4,R,67
02/04/2009,BAC,4.70,415,4,2,3,4,R,55
02/05/2009,EQR,21.39,415,1,3,5,4,R,60
02/12/2009,MAS,6.90,415,4,3,3,4,R,47
02/17/2009,AVY,21.33,415,1,2,1,4,R,92
02/17/2009,BBT,14.26,415,1,2,3,4,R,75
02/17/2009,BMS,20.22,415,1,3,4,4,R,63
02/17/2009,DFS,6.10,415,4,3,1,4,R,63
02/17/2009,HCN,31.32,415,1,3,5,4,R,60
02/17/2009,R,28.31,415,1,3,5,4,R,60
02/17/2009,SO,30.41,415,1,1,3,4,R,83
02/17/2009,WFC,13.69,415,1,2,2,4,R,83
02/19/2009,AIG,0.59,415,1,3,4,6,R,63
02/19/2009,GPC,29.54,415,1,2,1,4,R,92
02/19/2009,NWL,6.53,415,1,2,3,4,R,75
02/19/2009,SEE,11.67,415,1,3,0,4,R,60
02/19/2009,TEL,11.57,415,1,3,3,4,R,67
02/20/2009,JCI,12.00,415,2,3,4,4,R,55
02/20/2009,PBI,20.58,415,1,3,3,4,R,67
02/20/2009,VMC,40.45,415,2,3,4,4,R,55
02/23/2009,AVY,20.16,415,3,2,1,4,R,75
02/23/2009,ETN,38.04,415,1,4,2,4,R,72
02/24/2009,MHK,25.24,415,1,3,2,4,R,75
02/27/2009,EMN,20.54,415,3,3,2,4,R,58
02/27/2009,GD,43.82,415,1,3,3,4,R,67
02/27/2009,JNJ,50.00,415,1,1,2,4,R,92
02/27/2009,R,22.86,415,1,2,4,4,R,72
02/27/2009,TEL,9.48,415,3,2,5,4,R,52
03/02/2009,CSX,22.86,415,1,3,4,4,R,63
03/02/2009,DIS,16.05,415,4,2,0,4,R,46
03/02/2009,EQR,16.72,415,4,2,4,4,R,52
03/02/2009,ETN,33.43,415,1,3,5,4,R,60
03/02/2009,GIS,52.32,415,2,2,3,4,R,67
03/02/2009,HCN,28.83,415,4,2,4,4,R,52
03/02/2009,HST,3.41,415,4,2,0,4,R,46
03/02/2009,KIM,8.04,415,4,2,4,4,R,52
03/02/2009,MAS,4.87,415,4,2,0,4,R,46
03/02/2009,SLM,3.75,415,1,2,3,4,R,75
03/02/2009,UPS,38.92,415,1,2,5,4,R,68
03/03/2009,AES,5.32,415,1,2,4,4,R,72
03/03/2009,AVY,18.21,415,1,1,3,4,R,83
03/03/2009,DAL,4.26,415,1,2,3,4,R,75
03/03/2009,UNM,8.67,415,1,2,4,4,R,72
03/03/2009,WYNN,17.28,415,1,2,3,4,R,75
03/05/2009,PSA,48.05,415,2,3,4,4,R,55
03/09/2009,AFL,11.49,415,1,1,4,4,R,80
03/09/2009,ETN,30.27,415,2,2,5,4,R,60
03/09/2009,FAST,26.16,415,2,3,5,4,R,52
03/09/2009,GD,36.31,415,2,1,4,4,R,72
03/09/2009,GPC,25.06,415,2,1,5,4,R,68
03/09/2009,IGT,7.12,415,1,3,4,4,R,63
03/09/2009,KR,19.46,415,3,2,3,4,R,58
03/09/2009,MHK,17.11,415,1,2,4,4,R,72
03/09/2009,RSG,16.10,415,1,2,4,4,R,72
03/09/2009,TEL,7.44,415,1,1,3,4,R,83
02/09/2010,DNB,71.04,415,1,1,1,4,R,100
03/25/2010,NRG,20.32,415,4,3,2,4,R,55
05/06/2010,GS,142.32,415,3,2,2,4,R,67
05/07/2010,SRE,46.44,415,1,3,4,4,R,63
05/17/2010,EXC,41.35,415,1,3,2,4,R,75
05/20/2010,AA,11.07,415,4,2,2,4,R,63
05/20/2010,FE,34.71,415,4,3,1,4,R,63
05/24/2010,ETR,73.80,415,1,2,3,4,R,75
05/28/2010,JNJ,58.30,415,1,1,3,4,R,83
06/07/2010,BEN,88.65,415,1,1,3,4,R,83
06/07/2010,BSX,5.59,415,1,3,4,4,R,63
06/07/2010,FCX,58.66,415,1,2,5,4,R,68
06/08/2010,BK,25.41,415,1,1,3,4,R,83
06/08/2010,EXPE,19.72,415,1,2,3,4,R,75
06/10/2010,GS,133.77,415,1,3,3,4,R,67
06/24/2010,STX,13.66,415,4,2,4,4,R,52
06/25/2010,ADBE,29.85,415,2,3,3,4,R,58
06/28/2010,MSFT,24.31,415,1,2,5,4,R,68
06/29/2010,ETFC,12.03,415,1,2,3,4,R,75
06/29/2010,LLL,71.57,415,1,1,2,4,R,92
06/29/2010,MOS,39.35,415,1,3,3,4,R,67
06/29/2010,PHM,8.37,415,1,1,3,4,R,83
06/30/2010,CVX,67.86,415,1,2,4,4,R,72
06/30/2010,DNB,67.12,415,1,3,3,4,R,67
06/30/2010,MON,46.22,415,1,3,4,4,R,63
06/30/2010,THC,4.34,415,1,2,3,4,R,75
07/01/2010,CA,18.00,415,1,2,3,4,R,75
07/01/2010,CSCO,21.26,415,2,2,2,4,R,75
07/01/2010,WFC,25.18,415,1,2,4,4,R,72
07/02/2010,NTRS,45.81,415,2,3,2,4,R,67
07/02/2010,WY,34.49,415,2,2,3,4,R,67
07/06/2010,CVS,28.55,415,1,2,1,4,R,92
07/19/2010,PHM,7.93,415,4,2,4,4,R,52
07/28/2010,COG,30.01,415,1,4,3,4,R,63
07/29/2010,WDC,26.97,415,3,2,5,4,R,52
08/10/2010,WDC,24.41,415,1,2,3,4,R,75
08/13/2010,GHC,343.48,415,1,1,4,3,R,80
08/13/2010,SYMC,12.34,415,2,2,0,4,R,60
08/23/2010,BBT,22.62,415,1,3,0,4,R,60
08/24/2010,PNC,50.56,415,1,2,3,4,R,75
08/24/2010,TMO,42.65,415,1,2,3,4,R,75
10/15/2010,BAC,11.98,415,1,4,3,4,R,63
10/21/2010,BAC,11.36,415,1,3,3,4,R,67
11/17/2010,PHM,6.74,415,1,2,3,4,R,75
11/19/2010,ISRG,247.50,415,1,3,3,4,R,67
01/31/2011,ABT,45.16,415,1,4,2,3,R,72
03/16/2011,MRK,31.08,415,1,2,3,4,R,75
05/13/2011,MS,24.13,415,1,3,4,4,R,63
05/25/2011,FSLR,120.62,415,2,3,0,4,R,50
06/08/2011,MS,21.93,415,1,2,3,4,R,75
07/14/2011,CINF,28.08,415,1,3,2,4,R,75
07/29/2011,WHR,69.23,415,1,3,2,4,R,75
08/01/2011,GLW,15.63,415,2,3,2,4,R,67
08/02/2011,ADBE,27.03,415,1,2,3,4,R,75
08/02/2011,CSC,34.00,415,1,3,3,4,R,67
08/02/2011,HAS,37.86,415,4,1,1,3,R,80
08/02/2011,LOW,20.46,415,1,2,1,4,R,92
08/02/2011,SNI,43.62,415,1,3,3,4,R,67
08/04/2011,HES,61.30,415,1,2,2,4,R,83
08/04/2011,MS,19.70,415,1,2,3,4,R,75
08/04/2011,PG,59.58,415,1,2,3,3,R,75
08/04/2011,RIG,53.98,415,1,2,1,4,R,92
08/08/2011,AA,11.33,415,1,1,1,4,R,100
08/08/2011,ADBE,23.91,415,1,1,2,4,R,92
08/08/2011,AMAT,11.09,415,1,3,3,4,R,67
08/08/2011,C,27.95,415,1,1,1,4,R,100
08/08/2011,CINF,24.05,415,1,1,2,4,R,92
08/08/2011,FFIV,75.26,415,1,1,2,4,R,92
08/08/2011,GS,117.66,415,1,2,2,4,R,83
08/08/2011,HBAN,4.93,415,1,1,1,4,R,100
08/08/2011,LEG,17.87,415,1,1,1,4,R,100
08/08/2011,MAS,8.24,415,1,1,2,4,R,92
08/08/2011,SCHW,12.41,415,1,1,2,4,R,92
08/08/2011,TE,16.12,415,1,1,1,4,R,100
08/18/2011,LNC,20.31,415,1,1,5,4,R,77
08/18/2011,MS,16.20,415,3,1,5,4,R,60
08/19/2011,C,26.77,415,4,1,4,4,R,60
08/19/2011,CA,18.62,415,4,1,3,4,R,63
08/19/2011,DVN,63.55,415,4,1,4,4,R,60
08/19/2011,GD,57.47,415,1,1,5,4,R,77
08/19/2011,JEC,31.88,415,4,1,4,4,R,60
08/19/2011,ROK,53.66,415,4,1,2,4,R,72
08/19/2011,SHW,69.57,415,4,1,3,4,R,63
08/22/2011,CAT,79.89,415,1,1,3,4,R,83
08/22/2011,GS,106.51,415,1,1,4,4,R,80
08/22/2011,HBAN,4.53,415,1,1,5,4,R,77
08/22/2011,PX,88.93,415,1,1,3,4,R,83
08/22/2011,STT,31.77,415,1,1,4,4,R,80
08/22/2011,SWK,55.99,415,2,1,5,4,R,68
08/23/2011,PHM,3.61,415,1,1,2,4,R,92
09/06/2011,MET,29.50,415,1,1,0,4,R,80
09/12/2011,APA,94.65,415,3,2,5,4,R,52
09/12/2011,HPQ,22.58,415,3,1,3,4,R,67
09/12/2011,JCI,28.70,415,1,1,3,4,R,83
09/12/2011,SWK,54.02,415,1,1,5,4,R,77
09/16/2011,NFLX,155.19,415,1,1,4,4,R,80
09/20/2011,FCX,38.55,415,1,2,5,4,R,68
09/21/2011,ALL,23.09,415,4,2,4,4,R,52
09/21/2011,FSLR,73.52,415,1,1,3,4,R,83
09/21/2011,HAL,35.09,415,1,1,3,4,R,83
09/21/2011,MS,13.82,415,1,1,2,4,R,92
09/21/2011,URBN,23.79,415,4,2,0,4,R,46
09/22/2011,AA,10.11,415,1,1,3,4,R,83
09/22/2011,DNR,11.80,415,1,1,3,4,R,83
09/22/2011,MMM,72.90,415,1,1,2,4,R,92
09/22/2011,PKI,18.84,415,1,1,4,4,R,80
09/23/2011,CAT,73.86,415,1,2,2,4,R,83
09/23/2011,ETN,34.73,415,1,1,4,4,R,80
09/23/2011,LNC,15.30,415,1,1,3,4,R,83
09/23/2011,SYY,25.87,415,4,2,2,4,R,63
09/29/2011,NBR,13.11,415,3,1,4,4,R,63
10/03/2011,BBY,22.12,415,4,3,2,4,R,55
10/03/2011,DVA,60.64,415,1,1,3,4,R,83
10/03/2011,SNI,36.15,415,4,2,4,4,R,52
10/04/2011,FSLR,57.78,415,1,1,3,4,R,83
11/21/2011,FRX,29.01,415,2,4,0,4,R,46
11/23/2011,K,48.25,415,4,1,2,4,R,72
11/25/2011,CSC,22.93,415,1,2,3,4,R,75
12/14/2011,STJ,33.79,415,1,3,5,4,R,60
04/05/2012,NEM,47.73,415,1,2,1,4,R,92
05/09/2012,PBI,15.25,415,1,2,2,4,R,83
05/10/2012,WIN,10.09,415,1,1,4,4,R,80
05/14/2012,HES,46.63,415,1,2,2,4,R,83
05/15/2012,NFX,29.90,415,1,4,4,4,R,60
05/17/2012,COP,51.19,415,4,1,4,4,R,60
06/01/2012,EA,13.12,415,4,3,3,4,R,47
06/04/2012,JOY,54.53,415,2,3,4,4,R,55
06/04/2012,X,19.09,415,1,2,4,4,R,72
06/06/2012,HAL,28.10,415,1,3,3,4,R,67
06/13/2012,FLIR,20.15,415,1,3,2,4,R,75
07/23/2012,JCI,24.51,415,1,2,0,4,R,70
07/23/2012,SWY,15.26,415,1,2,0,4,R,70
07/25/2012,AET,35.32,415,4,3,3,4,R,47
07/26/2012,CLF,38.57,415,1,3,2,4,R,75
08/02/2012,ADM,25.13,415,1,1,3,4,R,83
08/27/2012,HPQ,17.21,415,4,3,1,4,R,63
09/11/2012,CAH,38.11,415,2,2,2,3,R,75
10/12/2012,INTC,21.48,415,2,2,3,4,R,67
10/15/2012,DLTR,40.52,415,1,1,2,4,R,92
11/05/2012,EXC,32.01,415,1,1,3,4,R,83
11/07/2012,ED,56.26,415,1,2,2,4,R,83
11/08/2012,CA,22.06,415,1,1,4,4,R,80
11/09/2012,D,49.33,415,1,1,3,3,R,83
11/09/2012,PBI,11.90,415,1,2,4,4,R,72
11/12/2012,INTC,20.77,415,2,3,3,4,R,58
11/13/2012,CTXS,57.93,415,4,2,3,4,R,55
11/14/2012,EXC,29.37,415,1,1,3,4,R,83
11/14/2012,IPG,9.54,415,3,2,5,4,R,52
11/14/2012,MCHP,29.91,415,2,3,3,4,R,58
11/15/2012,CSX,19.37,415,1,2,5,4,R,68
11/15/2012,MAR,34.11,415,1,2,0,4,R,70
11/15/2012,OMC,45.62,415,1,1,5,4,R,77
11/19/2012,BBY,13.75,415,4,3,3,4,R,47
11/23/2012,ED,54.10,415,2,1,0,4,R,70
11/28/2012,TDC,59.27,415,3,2,3,4,R,58
12/06/2012,FCX,30.81,415,1,1,3,4,R,83
01/14/2013,FE,39.49,415,1,3,1,4,R,83
03/27/2013,WIN,7.99,415,1,3,3,4,R,67
04/02/2013,X,17.65,415,1,2,1,4,R,92
04/09/2013,FFIV,72.45,415,2,1,5,4,R,68
04/15/2013,CLF,17.61,415,4,2,1,4,R,72
04/15/2013,X,16.63,415,4,2,3,4,R,55
04/19/2013,JBL,16.57,415,1,3,3,4,R,67
04/22/2013,TDC,49.85,415,1,3,4,4,R,63
07/03/2013,OKE,40.19,415,4,2,0,4,R,46
07/05/2013,CNX,26.51,415,3,1,0,4,R,60
08/19/2013,BRCM,25.29,415,1,1,0,4,R,80
01/21/2014,TGT,59.20,415,1,3,5,4,R,60
01/27/2014,PGR,23.18,415,1,1,1,4,R,100
01/31/2014,RIG,43.28,415,2,3,0,4,R,50
02/03/2014,TGT,55.41,415,1,1,3,4,R,83
02/04/2014,CVX,110.83,415,2,1,3,4,R,75
02/19/2014,KSU,91.12,415,1,1,1,4,R,100
02/19/2014,MAT,35.24,415,4,1,3,4,R,63
03/14/2014,RIG,38.84,415,1,2,1,4,R,92
03/17/2014,DO,43.91,415,2,2,1,4,R,83
05/22/2014,PETM,55.74,415,1,1,3,4,R,83
09/08/2014,ESV,46.93,415,2,3,2,4,R,67
09/16/2014,DO,39.24,415,2,3,3,4,R,58
09/17/2014,RIG,34.77,415,1,2,3,4,R,75
09/22/2014,DNR,15.14,415,1,1,3,4,R,83
09/23/2014,MAT,32.07,415,1,3,2,4,R,75
09/24/2014,FLR,67.90,415,2,3,3,6,R,58
09/25/2014,CLF,11.44,415,1,2,1,4,R,92
10/01/2014,DO,33.54,415,1,1,3,4,R,83
10/01/2014,JEC,47.35,415,1,2,1,4,R,92
10/01/2014,RIG,31.05,415,1,1,2,4,R,92
10/02/2014,ESV,39.30,415,1,1,2,4,R,92
10/02/2014,ETN,62.04,415,1,2,3,4,R,75
10/02/2014,FLR,65.69,415,1,2,3,4,R,75
10/03/2014,FLS,68.77,415,1,3,4,4,R,63
10/07/2014,CLF,7.77,415,1,1,3,4,R,83
10/13/2014,CNX,32.13,415,2,1,3,4,R,75
10/13/2014,DNR,12.28,415,1,1,3,4,R,83
10/13/2014,DVN,56.56,415,1,1,2,4,R,92
10/13/2014,ETN,58.27,415,1,1,3,4,R,83
10/13/2014,L,40.36,415,1,2,3,4,R,75
10/13/2014,PCLN,1040.70,415,1,2,3,3,R,75
10/13/2014,RDC,22.24,415,1,1,3,4,R,83
10/13/2014,VIAB,68.22,415,1,1,3,4,R,83
10/14/2014,AME,46.12,415,1,1,4,3,R,80
10/14/2014,FLR,61.54,415,1,1,5,4,R,77
10/14/2014,NE,18.57,415,2,1,2,4,R,83
10/14/2014,OXY,86.55,415,1,1,2,4,R,92
10/14/2014,PXD,164.78,415,1,1,2,4,R,92
10/15/2014,CVX,109.27,415,1,1,2,4,R,92
10/31/2014,NEM,18.76,415,1,1,2,4,R,92
11/13/2014,NBL,53.99,415,1,2,3,4,R,75
11/18/2014,HP,77.90,415,2,3,2,4,R,67
12/01/2014,HP,69.07,415,1,1,1,4,R,100
01/07/2015,CNX,31.05,415,1,2,2,4,R,83
01/07/2015,SWN,24.24,415,1,1,3,4,R,83
01/14/2015,CMA,41.41,415,1,2,3,4,R,75
01/15/2015,MAT,27.40,415,1,2,2,4,R,83
01/15/2015,ZION,24.49,415,1,1,4,4,R,80
01/30/2015,CNX,28.95,415,4,2,4,4,R,52
02/20/2015,MAT,25.77,415,1,2,3,4,R,75
03/06/2015,RL,131.93,415,4,1,3,4,R,63
03/10/2015,CLF,5.46,415,4,4,2,4,R,52
03/10/2015,CNX,28.00,415,4,3,3,4,R,47
03/10/2015,WYNN,129.51,415,1,3,3,4,R,67
03/11/2015,PPL,31.40,415,2,2,5,4,R,60
