8/22/1995,INTU,1.0,2.0
10/1/1999,INTU,1.0,3.0
7/7/2006,INTU,1.0,2.0
4/27/1983,THC,4.0,5.0
9/16/1991,THC,1.0,2.0
7/1/2002,THC,2.0,3.0
10/11/2012,THC,4.0,1.0
8/6/1986,STT,1.0,2.0
5/14/1992,STT,1.0,2.0
5/29/1997,STT,1.0,2.0
5/31/2001,STT,1.0,2.0
4/15/1992,KEY,2.0,3.0
3/9/1998,KEY,1.0,2.0
3/2/1994,KEY,1000.0,1205.0
5/18/1989,AVP,3.0,4.0
6/4/1996,AVP,1.0,2.0
9/14/1998,AVP,1.0,2.0
6/1/2004,AVP,1.0,2.0
6/3/1986,ADM,2.0,3.0
12/5/1989,ADM,2.0,3.0
8/17/1993,ADM,20.0,21.0
12/6/1994,ADM,2.0,3.0
8/15/1996,ADM,20.0,21.0
8/14/1997,ADM,20.0,21.0
8/20/1998,ADM,100.0,105.0
8/19/1999,ADM,100.0,105.0
8/24/2000,ADM,100.0,105.0
8/30/2001,ADM,100.0,105.0
8/28/1978,ADM,100.0,105.0
8/27/1979,ADM,100.0,105.0
10/27/1980,ADM,100.0,105.0
8/17/1981,ADM,100.0,105.0
8/17/1982,ADM,100.0,105.0
8/16/1983,ADM,100.0,105.0
8/14/1984,ADM,100.0,105.0
8/13/1985,ADM,100.0,105.0
8/12/1986,ADM,100.0,105.0
8/11/1987,ADM,100.0,105.0
8/16/1988,ADM,100.0,105.0
8/22/1989,ADM,100.0,105.0
8/14/1990,ADM,100.0,105.0
8/13/1991,ADM,100.0,105.0
8/11/1992,ADM,100.0,105.0
8/16/1994,ADM,100.0,105.0
8/17/1995,ADM,100.0,105.0
1/2/1997,COP,10.0,11.0
12/29/1997,COP,4.0,5.0
12/29/1998,COP,4.0,5.0
12/27/1999,COP,10.0,11.0
6/2/2005,COP,1.0,2.0
5/1/2012,COP,1000000.0,1311791.0
6/19/2007,MRO,1.0,2.0
5/7/1991,MRO,5.0,6.0
7/1/2011,MRO,5965.0,10000.0
6/2/1987,CLX,1.0,2.0
9/3/1997,CLX,1.0,2.0
8/24/1999,CLX,1.0,2.0
5/30/1984,HON,2.0,3.0
3/15/1994,HON,1.0,2.0
9/16/1997,HON,1.0,2.0
12/22/1995,KIM,2.0,3.0
12/24/2001,KIM,2.0,3.0
8/24/2005,KIM,1.0,2.0
3/20/1985,R,1.0,2.0
6/2/1986,R,2.0,3.0
6/2/1994,ESV,4.0,1.0
9/16/1997,ESV,1.0,2.0
5/6/1986,VFC,1.0,2.0
11/25/1997,VFC,1.0,2.0
12/23/2013,VFC,1.0,4.0
7/25/1983,TGT,1.0,2.0
7/18/1996,TGT,1.0,3.0
5/1/1998,TGT,1.0,2.0
7/20/2000,TGT,1.0,2.0
6/2/1986,ABT,1.0,2.0
6/1/1990,ABT,1.0,2.0
6/1/1992,ABT,1.0,2.0
6/1/1998,ABT,1.0,2.0
1/2/2013,ABT,4798.0,10000.0
5/3/2004,ABT,9356.0,10000.0
12/19/1989,EFX,1.0,2.0
12/18/1995,EFX,1.0,2.0
11/18/1983,BAX,1.0,2.0
5/31/2001,BAX,1.0,2.0
12/1/1992,BAX,90823.0,100000.0
11/10/1986,GIS,1.0,2.0
11/8/1990,GIS,1.0,2.0
11/9/1999,GIS,1.0,2.0
6/9/2010,GIS,1.0,2.0
5/18/1970,JNJ,1.0,3.0
5/19/1981,JNJ,1.0,3.0
5/11/1989,JNJ,1.0,2.0
6/10/1992,JNJ,1.0,2.0
6/12/1996,JNJ,1.0,2.0
6/13/2001,JNJ,1.0,2.0
5/19/1970,PG,1.0,2.0
2/22/1983,PG,1.0,2.0
11/20/1989,PG,1.0,2.0
6/15/1992,PG,1.0,2.0
9/22/1997,PG,1.0,2.0
6/21/2004,PG,1.0,2.0
6/7/1996,XRX,1.0,3.0
2/24/1999,XRX,1.0,2.0
6/20/1995,HOT,6.0,1.0
1/28/1997,HOT,2.0,3.0
6/1/1972,MRK,1.0,2.0
5/27/1986,MRK,1.0,2.0
5/26/1988,MRK,1.0,3.0
5/26/1992,MRK,1.0,3.0
2/17/1999,MRK,1.0,2.0
7/1/1985,CAG,2.0,3.0
12/2/1986,CAG,1.0,2.0
12/4/1989,CAG,2.0,3.0
12/2/1991,CAG,2.0,3.0
10/2/1997,CAG,1.0,2.0
6/3/1974,MO,1.0,2.0
6/1/1979,MO,1.0,2.0
4/11/1986,MO,1.0,2.0
10/11/1989,MO,1.0,4.0
4/11/1997,MO,1.0,3.0
6/20/1989,SYK,2.0,3.0
6/14/1991,SYK,1.0,2.0
6/11/1996,SYK,1.0,2.0
5/15/2000,SYK,1.0,2.0
5/17/2004,SYK,1.0,2.0
9/16/1993,LRCX,2.0,3.0
3/17/2000,LRCX,1.0,3.0
10/29/1987,INTC,2.0,3.0
6/7/1993,INTC,1.0,2.0
6/19/1995,INTC,1.0,2.0
7/14/1997,INTC,1.0,2.0
4/12/1999,INTC,1.0,2.0
7/31/2000,INTC,1.0,2.0
6/15/1987,TXN,1.0,3.0
8/21/1995,TXN,1.0,2.0
11/24/1997,TXN,1.0,2.0
8/17/1999,TXN,1.0,2.0
5/23/2000,TXN,1.0,2.0
5/29/1973,TXN,1.0,2.0
9/20/1988,ETN,2.0,3.0
6/29/1993,ETN,1.0,2.0
2/24/2004,ETN,1.0,2.0
3/1/2011,ETN,1.0,2.0
10/3/1979,ETN,2.0,3.0
1/2/2001,ETN,8677.0,10000.0
6/16/1994,EOG,1.0,2.0
3/2/2005,EOG,1.0,2.0
4/1/2014,EOG,1.0,2.0
8/16/2006,OXY,1.0,2.0
12/1/2014,OXY,1000.0,1042.0
12/19/1994,CHK,1.0,2.0
12/29/1995,CHK,2.0,3.0
7/1/1996,CHK,2.0,3.0
1/2/1997,CHK,1.0,2.0
7/1/2014,CHK,1000.0,1057.0
9/22/1997,RIG,1.0,2.0
11/27/2007,RIG,10000.0,13427.0
6/20/1983,ROK,1.0,2.0
4/14/1987,ROK,1.0,2.0
5/31/1977,PEP,1.0,3.0
5/29/1986,PEP,1.0,3.0
9/5/1990,PEP,1.0,3.0
5/29/1996,PEP,1.0,2.0
9/21/1993,ROP,1.0,2.0
8/4/1997,ROP,1.0,2.0
8/29/2005,ROP,1.0,2.0
9/27/1993,LM,4.0,5.0
9/25/1997,LM,3.0,4.0
9/28/1998,LM,1.0,2.0
9/27/2004,LM,2.0,3.0
11/29/1995,DE,1.0,3.0
12/4/2007,DE,1.0,2.0
9/22/1972,DE,1.0,2.0
9/22/1976,DE,1.0,2.0
3/31/1992,FAST,1.0,2.0
3/30/1995,FAST,1.0,2.0
5/13/2002,FAST,1.0,2.0
11/14/2005,FAST,1.0,2.0
5/23/2011,FAST,1.0,2.0
5/16/1986,AMAT,1.0,2.0
4/7/1992,AMAT,1.0,2.0
10/6/1993,AMAT,1.0,2.0
10/13/1995,AMAT,1.0,2.0
10/14/1997,AMAT,1.0,2.0
3/16/2000,AMAT,1.0,2.0
4/17/2002,AMAT,1.0,2.0
4/17/2000,CELG,1.0,3.0
10/25/2004,CELG,1.0,2.0
2/27/2006,CELG,1.0,2.0
6/26/2014,CELG,1.0,2.0
11/7/1986,BK,2.0,3.0
5/16/1994,BK,1.0,2.0
8/9/1996,BK,1.0,2.0
8/14/1998,BK,1.0,2.0
7/2/2007,BK,10000.0,9434.0
6/20/1991,CMA,2.0,3.0
1/5/1993,CMA,1.0,2.0
4/2/1998,CMA,2.0,3.0
5/2/1995,PETM,2.0,3.0
7/22/1996,PETM,1.0,2.0
12/27/2001,APA,10.0,11.0
3/10/2003,APA,100.0,105.0
1/15/2004,APA,1.0,2.0
9/14/1993,MCHP,1.0,2.0
4/5/1994,MCHP,2.0,3.0
11/9/1994,MCHP,2.0,3.0
1/7/1997,MCHP,2.0,3.0
2/8/2000,MCHP,2.0,3.0
9/27/2000,MCHP,2.0,3.0
5/9/2002,MCHP,2.0,3.0
10/25/1989,CMCSA,2.0,3.0
2/3/1994,CMCSA,2.0,3.0
5/6/1999,CMCSA,1.0,2.0
2/22/2007,CMCSA,2.0,3.0
12/1/1998,BSX,1.0,2.0
11/6/2003,BSX,1.0,2.0
1/28/1986,K,1.0,2.0
12/17/1991,K,1.0,2.0
8/25/1997,K,1.0,2.0
9/21/1987,MSFT,1.0,2.0
4/16/1990,MSFT,1.0,2.0
6/27/1991,MSFT,2.0,3.0
6/15/1992,MSFT,2.0,3.0
5/23/1994,MSFT,1.0,2.0
12/9/1996,MSFT,1.0,2.0
2/23/1998,MSFT,1.0,2.0
3/29/1999,MSFT,1.0,2.0
2/18/2003,MSFT,1.0,2.0
9/26/1988,DOV,1.0,2.0
9/18/1995,DOV,1.0,2.0
12/16/1997,DOV,1.0,2.0
3/3/2014,DOV,1000.0,1205.0
10/29/1993,TMO,2.0,3.0
5/25/1995,TMO,2.0,3.0
6/6/1996,TMO,2.0,3.0
4/19/1994,MU,2.0,5.0
5/23/1995,MU,1.0,2.0
5/2/2000,MU,1.0,2.0
6/16/1987,AAPL,1.0,2.0
6/21/2000,AAPL,1.0,2.0
2/28/2005,AAPL,1.0,2.0
6/9/2014,AAPL,1.0,7.0
6/6/1986,APD,1.0,2.0
3/10/1992,APD,1.0,2.0
6/16/1998,APD,1.0,2.0
9/11/1987,EMR,1.0,3.0
3/11/1997,EMR,1.0,2.0
12/12/2006,EMR,1.0,2.0
8/21/1973,EMR,1.0,2.0
7/13/1987,IR,2.0,5.0
6/2/1992,IR,1.0,2.0
9/3/1997,IR,2.0,3.0
9/2/2005,IR,1.0,2.0
12/2/2013,IR,1000.0,1252.0
9/13/1983,PPG,1.0,2.0
3/13/1987,PPG,1.0,2.0
6/13/1994,PPG,1.0,2.0
8/14/1995,XLNX,1.0,3.0
3/12/1999,XLNX,1.0,2.0
12/28/1999,XLNX,1.0,2.0
2/22/2001,GILD,1.0,2.0
3/8/2002,GILD,1.0,2.0
9/7/2004,GILD,1.0,2.0
6/25/2007,GILD,1.0,2.0
1/28/2013,GILD,1.0,2.0
5/29/1986,FMC,1.0,5.0
9/14/2007,FMC,1.0,2.0
5/25/2012,FMC,1.0,2.0
2/27/1992,FDO,1.0,2.0
8/1/1997,FDO,2.0,3.0
5/1/1998,FDO,1.0,2.0
1/13/1994,CSC,1.0,3.0
3/24/1998,CSC,1.0,2.0
2/20/1979,GD,2.0,5.0
11/17/1980,GD,1.0,2.0
4/11/1994,GD,1.0,2.0
4/3/1998,GD,1.0,2.0
3/27/2006,GD,1.0,2.0
3/28/1994,FLS,2.0,3.0
6/24/2013,FLS,1.0,3.0
7/23/1997,JBL,1.0,2.0
2/18/1999,JBL,1.0,2.0
3/31/2000,JBL,1.0,2.0
11/3/1980,FDX,1.0,2.0
11/1/1983,FDX,1.0,2.0
11/5/1996,FDX,1.0,2.0
5/7/1999,FDX,1.0,2.0
9/26/1978,FDX,1.0,2.0
2/24/1994,QCOM,1.0,2.0
5/11/1999,QCOM,1.0,2.0
12/31/1999,QCOM,1.0,4.0
8/16/2004,QCOM,1.0,2.0
7/22/1997,HAL,1.0,2.0
7/17/2006,HAL,1.0,2.0
4/30/1976,HAL,1.0,3.0
12/26/1980,HAL,1.0,2.0
1/24/1996,HAL,95301.0,100000.0
9/8/1997,ADP,2.0,3.0
4/2/2007,ADP,9033.0,10000.0
10/1/2014,ADP,1000.0,1139.0
5/12/1980,UNP,1.0,2.0
10/2/1991,UNP,1.0,2.0
5/29/2008,UNP,1.0,2.0
10/16/1996,UNP,6724.0,10000.0
6/9/2014,UNP,1.0,2.0
8/29/1994,RHI,1.0,2.0
6/10/1996,RHI,1.0,2.0
9/29/1997,RHI,2.0,3.0
6/13/2000,RHI,1.0,2.0
10/25/1985,CB,2.0,3.0
5/31/1990,CB,1.0,2.0
5/6/1996,CB,1.0,2.0
4/19/2006,CB,1.0,2.0
5/22/1987,T,1.0,3.0
5/25/1993,T,1.0,2.0
3/20/1998,T,1.0,2.0
8/17/1987,TE,1.0,2.0
8/31/1993,TE,1.0,2.0
5/31/1977,BMY,1.0,2.0
5/27/1983,BMY,1.0,2.0
6/10/1987,BMY,1.0,2.0
3/3/1997,BMY,1.0,2.0
3/1/1999,BMY,1.0,2.0
8/7/2001,BMY,951777.0,1000000.0
1/27/1993,ZION,1.0,2.0
5/15/1997,ZION,1.0,4.0
4/9/1998,FOSL,2.0,3.0
8/18/1999,FOSL,2.0,3.0
6/10/2002,FOSL,2.0,3.0
4/12/2004,FOSL,2.0,3.0
5/12/1989,SEE,1.0,4.0
9/21/1992,SEE,1.0,2.0
10/2/1995,SEE,1.0,2.0
3/19/2007,SEE,1.0,2.0
1/6/1987,GCI,1.0,2.0
10/7/1997,GCI,1.0,2.0
2/1/1982,HUM,2.0,3.0
2/1/1983,HUM,3.0,4.0
2/1/1984,HUM,5.0,6.0
8/1/1991,HUM,2.0,3.0
5/1/1990,NTRS,1.0,2.0
12/10/1992,NTRS,2.0,3.0
12/10/1996,NTRS,1.0,2.0
12/10/1999,NTRS,1.0,2.0
8/1/1994,HBAN,4.0,5.0
7/12/1996,HBAN,10.0,11.0
7/11/1997,HBAN,10.0,11.0
7/13/1998,HBAN,10.0,11.0
7/12/1999,HBAN,10.0,11.0
7/12/2000,HBAN,10.0,11.0
8/3/1992,HBAN,4.0,5.0
3/3/1986,BDX,1.0,2.0
3/1/1993,BDX,1.0,2.0
8/16/1996,BDX,1.0,2.0
8/21/1998,BDX,1.0,2.0
7/26/1976,XOM,1.0,2.0
6/12/1981,XOM,1.0,2.0
9/15/1987,XOM,1.0,2.0
4/14/1997,XOM,1.0,2.0
7/19/2001,XOM,1.0,2.0
5/12/1992,CERN,1.0,2.0
3/1/1993,CERN,1.0,2.0
8/7/1995,CERN,1.0,2.0
1/10/2006,CERN,1.0,2.0
6/27/2011,CERN,1.0,2.0
7/1/2013,CERN,1.0,2.0
8/29/2007,NE,1.0,2.0
8/4/2014,NE,1000.0,1144.0
5/5/1993,TSS,1.0,2.0
10/3/1994,TSS,1.0,2.0
4/23/1996,TSS,1.0,2.0
5/11/1998,TSS,2.0,3.0
6/11/1987,NEM,1.0,2.0
10/9/1987,NEM,2.0,3.0
4/22/1994,NEM,1000.0,1241.0
11/23/1988,ADBE,1.0,2.0
8/11/1993,ADBE,1.0,2.0
10/27/1999,ADBE,1.0,2.0
10/25/2000,ADBE,1.0,2.0
5/24/2005,ADBE,1.0,2.0
10/2/1995,KLAC,1.0,2.0
1/19/2000,KLAC,1.0,2.0
10/2/1987,HRB,1.0,2.0
10/2/1991,HRB,1.0,2.0
8/2/2001,HRB,1.0,2.0
8/23/2005,HRB,1.0,2.0
5/19/1976,UTX,1.0,2.0
6/11/1984,UTX,1.0,2.0
12/11/1996,UTX,1.0,2.0
5/18/1999,UTX,1.0,2.0
6/13/2005,UTX,1.0,2.0
6/1/1995,ALTR,1.0,2.0
1/7/1997,ALTR,1.0,2.0
5/20/1999,ALTR,1.0,2.0
8/11/2000,ALTR,1.0,2.0
10/1/1990,DUK,1.0,2.0
1/29/2001,DUK,1.0,2.0
7/3/2012,DUK,3.0,1.0
1/3/2007,DUK,5811.0,10000.0
12/10/1999,AGN,1.0,2.0
6/25/2007,AGN,1.0,2.0
11/21/1989,DOW,2.0,3.0
6/19/2000,DOW,1.0,3.0
8/6/1971,DOW,2.0,3.0
5/10/1973,DOW,1.0,2.0
6/8/1976,DOW,1.0,2.0
7/3/1989,SLM,2.0,5.0
1/5/1998,SLM,2.0,7.0
6/23/2003,SLM,1.0,3.0
5/1/2014,SLM,1000.0,2798.0
1/30/1986,LLY,1.0,2.0
5/1/1989,LLY,1.0,2.0
12/21/1995,LLY,1.0,2.0
10/16/1997,LLY,1.0,2.0
4/1/1986,BMS,1.0,2.0
4/4/1988,BMS,1.0,2.0
4/1/1992,BMS,1.0,2.0
3/2/2004,BMS,1.0,2.0
6/21/1993,ITW,1.0,2.0
5/28/1997,ITW,1.0,2.0
5/26/2006,ITW,1.0,2.0
6/27/1997,TJX,1.0,2.0
6/26/1998,TJX,1.0,2.0
5/9/2002,TJX,1.0,2.0
2/3/2012,TJX,1.0,2.0
4/16/1992,FITB,2.0,3.0
1/16/1996,FITB,2.0,3.0
7/16/1997,FITB,2.0,3.0
4/16/1998,FITB,2.0,3.0
7/17/2000,FITB,2.0,3.0
10/22/1993,COST,1.0,2.0
1/14/2000,COST,1.0,2.0
9/30/1993,SBUX,1.0,2.0
12/4/1995,SBUX,1.0,2.0
3/22/1999,SBUX,1.0,2.0
4/30/2001,SBUX,1.0,2.0
10/24/2005,SBUX,1.0,2.0
4/9/2015,SBUX,1.0,2.0
6/20/1994,PDCO,2.0,3.0
2/18/1998,PDCO,2.0,3.0
7/24/2000,PDCO,1.0,2.0
10/25/2004,PDCO,1.0,2.0
12/28/1995,OMC,1.0,2.0
12/30/1997,OMC,1.0,2.0
6/26/2007,OMC,1.0,2.0
7/14/1997,SLB,1.0,2.0
4/10/2006,SLB,1.0,2.0
3/15/1989,CVS,1.0,2.0
6/16/1998,CVS,1.0,2.0
6/7/2005,CVS,1.0,2.0
10/8/2004,VLO,1.0,2.0
12/16/2005,VLO,1.0,2.0
5/2/2013,VLO,1000.0,1094.0
3/31/1998,CVC,1.0,2.0
8/24/1998,CVC,1.0,2.0
2/10/2010,CVC,1000.0,1211.0
7/1/2011,CVC,7254.0,10000.0
6/3/1996,URBN,1.0,2.0
9/22/2003,URBN,1.0,2.0
7/12/2004,URBN,1.0,2.0
9/26/2005,URBN,1.0,2.0
11/20/1987,AME,1.0,2.0
3/1/2004,AME,1.0,2.0
11/28/2006,AME,2.0,3.0
12/22/2010,AME,2.0,3.0
7/2/2012,AME,2.0,3.0
12/30/1991,PLL,2.0,3.0
12/28/1992,PLL,3.0,4.0
5/4/2000,LH,10.0,1.0
6/12/2001,LH,1.0,2.0
5/13/2002,LH,1.0,2.0
8/1/1985,CPB,1.0,2.0
12/23/1987,CPB,1.0,2.0
12/24/1991,CPB,1.0,2.0
3/18/1997,CPB,1.0,2.0
12/31/2002,MUR,1.0,2.0
6/6/2005,MUR,1.0,2.0
9/3/2013,MUR,1000.0,1158.0
1/2/1990,TROW,1.0,2.0
12/1/1993,TROW,1.0,2.0
5/1/1996,TROW,1.0,2.0
5/1/1998,TROW,1.0,2.0
6/26/2006,TROW,1.0,2.0
1/24/1986,BEN,1.0,2.0
10/27/1986,BEN,2.0,3.0
1/16/1990,BEN,2.0,3.0
4/15/1992,BEN,1.0,2.0
1/15/1997,BEN,2.0,3.0
1/16/1998,BEN,1.0,2.0
7/26/2013,BEN,1.0,3.0
1/2/1998,HP,1.0,2.0
7/10/2006,HP,1.0,2.0
11/12/1993,EXPD,1.0,2.0
12/12/1996,EXPD,1.0,2.0
6/1/1999,EXPD,1.0,2.0
6/25/2002,EXPD,1.0,2.0
6/26/2006,EXPD,1.0,2.0
4/1/1986,SHW,1.0,2.0
4/1/1991,SHW,1.0,2.0
3/31/1997,SHW,1.0,2.0
8/1/1988,PCAR,1.0,2.0
5/22/1997,PCAR,1.0,2.0
5/29/2002,PCAR,2.0,3.0
2/6/2004,PCAR,2.0,3.0
8/11/2006,PCAR,2.0,3.0
10/10/2007,PCAR,2.0,3.0
11/15/1995,TYC,1.0,2.0
10/23/1997,TYC,1.0,2.0
10/22/1999,TYC,1.0,2.0
7/2/2007,TYC,4.0,1.0
10/1/2012,TYC,4971.0,10000.0
6/16/1972,MMM,1.0,2.0
6/16/1987,MMM,1.0,2.0
4/11/1994,MMM,1.0,2.0
9/30/2003,MMM,1.0,2.0
6/30/1997,MMC,1.0,2.0
6/29/1998,MMC,2.0,3.0
7/1/2002,MMC,1.0,2.0
6/4/1985,AFL,2.0,3.0
3/3/1986,AFL,3.0,4.0
2/3/1987,AFL,1.0,2.0
6/15/1993,AFL,4.0,5.0
3/18/1996,AFL,2.0,3.0
6/9/1998,AFL,1.0,2.0
3/19/2001,AFL,1.0,2.0
6/8/1971,GE,1.0,2.0
6/2/1983,GE,1.0,2.0
5/26/1987,GE,1.0,2.0
5/16/1994,GE,1.0,2.0
5/12/1997,GE,1.0,2.0
5/8/2000,GE,1.0,3.0
7/1/1983,PFE,1.0,2.0
4/1/1991,PFE,1.0,2.0
7/3/1995,PFE,1.0,2.0
7/1/1997,PFE,1.0,2.0
7/1/1999,PFE,1.0,3.0
1/19/1994,ECL,1.0,2.0
1/16/1998,ECL,1.0,2.0
6/9/2003,ECL,1.0,2.0
12/31/1996,NFX,1.0,2.0
5/26/2005,NFX,1.0,2.0
7/28/1986,SNA,1.0,2.0
9/11/1996,SNA,2.0,3.0
4/3/1991,CTAS,2.0,3.0
4/3/1992,CTAS,1.0,2.0
11/19/1997,CTAS,1.0,2.0
3/8/2000,CTAS,2.0,3.0
5/18/1964,IBM,4.0,5.0
5/18/1966,IBM,2.0,3.0
4/23/1968,IBM,1.0,2.0
5/29/1973,IBM,4.0,5.0
6/1/1979,IBM,1.0,4.0
5/28/1997,IBM,1.0,2.0
5/27/1999,IBM,1.0,2.0
2/13/1985,GLW,1.0,2.0
2/15/1989,GLW,1.0,2.0
2/11/1992,GLW,1.0,2.0
10/4/2000,GLW,1.0,3.0
2/11/1983,AXP,3.0,4.0
8/11/1983,AXP,2.0,3.0
5/11/1987,AXP,1.0,2.0
5/11/2000,AXP,1.0,3.0
5/31/1994,AXP,8825.0,10000.0
10/3/2005,AXP,8753.0,10000.0
4/16/1987,TSN,2.0,3.0
4/16/1991,TSN,1.0,2.0
2/18/1997,TSN,2.0,3.0
2/23/2000,SNDK,1.0,2.0
2/19/2004,SNDK,1.0,2.0
11/21/1986,BAC,1.0,2.0
2/28/1997,BAC,1.0,2.0
8/30/2004,BAC,1.0,2.0
12/29/2005,ABC,1.0,2.0
6/16/2009,ABC,1.0,2.0
3/17/1992,KSU,1.0,2.0
3/18/1993,KSU,1.0,2.0
9/17/1997,KSU,1.0,3.0
7/13/2000,KSU,2.0,1.0
5/16/1991,CL,1.0,2.0
5/16/1997,CL,1.0,2.0
7/1/1999,CL,1.0,2.0
5/16/2013,CL,1.0,2.0
6/22/1995,LSI,1.0,2.0
2/17/2000,LSI,1.0,2.0
5/12/1992,PPL,1.0,2.0
8/25/2005,PPL,1.0,2.0
9/11/1984,NOC,1.0,3.0
6/22/2004,NOC,1.0,2.0
3/31/2011,NOC,9035.0,10000.0
5/24/1983,PBI,1.0,2.0
11/14/1986,PBI,1.0,2.0
6/3/1992,PBI,1.0,2.0
1/20/1998,PBI,1.0,2.0
8/29/1994,PCP,2.0,3.0
9/22/2000,PCP,1.0,2.0
9/9/2005,PCP,1.0,2.0
10/28/1991,SYMC,1.0,2.0
2/1/2002,SYMC,1.0,2.0
11/20/2003,SYMC,1.0,2.0
12/1/2004,SYMC,1.0,2.0
7/26/1976,CAT,2.0,3.0
9/6/1994,CAT,1.0,2.0
7/14/1997,CAT,1.0,2.0
7/14/2005,CAT,1.0,2.0
7/6/1964,CAT,1.0,2.0
5/18/1966,BA,1.0,2.0
9/13/1977,BA,1.0,2.0
4/16/1979,BA,2.0,3.0
4/15/1980,BA,2.0,3.0
6/10/1985,BA,2.0,3.0
6/12/1989,BA,2.0,3.0
6/11/1990,BA,2.0,3.0
6/9/1997,BA,1.0,2.0
11/19/1962,IP,100.0,102.0
5/20/1987,IP,1.0,2.0
9/18/1995,IP,1.0,2.0
7/2/2014,IP,1000.0,1014.0
4/18/1986,VZ,1.0,2.0
5/2/1990,VZ,1.0,2.0
6/30/1998,VZ,1.0,2.0
11/20/2006,VZ,963340.0,1000000.0
4/1/2008,VZ,995370.0,1000000.0
7/2/2010,VZ,937989.0,1000000.0
10/26/1983,CSX,1.0,3.0
12/22/1995,CSX,1.0,2.0
8/16/2006,CSX,1.0,2.0
6/16/2011,CSX,1.0,3.0
6/9/1986,PH,2.0,3.0
6/2/1995,PH,2.0,3.0
9/8/1997,PH,2.0,3.0
10/2/2007,PH,2.0,3.0
8/2/1988,CTL,2.0,3.0
3/27/1989,CTL,2.0,3.0
1/4/1993,CTL,2.0,3.0
4/1/1998,CTL,2.0,3.0
4/1/1999,CTL,2.0,3.0
4/7/1987,NSC,1.0,3.0
10/10/1997,NSC,1.0,3.0
4/15/1986,ADI,3.0,4.0
1/5/1995,ADI,2.0,3.0
1/4/1996,ADI,2.0,3.0
1/7/1997,ADI,3.0,4.0
3/16/2000,ADI,1.0,2.0
7/2/1991,FISV,2.0,3.0
6/1/1992,FISV,2.0,3.0
5/3/1993,FISV,2.0,3.0
6/1/1998,FISV,2.0,3.0
5/3/1999,FISV,2.0,3.0
9/4/2001,FISV,2.0,3.0
12/17/2013,FISV,1.0,2.0
5/15/2001,STZ,1.0,2.0
5/14/2002,STZ,1.0,2.0
5/16/2005,STZ,1.0,2.0
4/10/2007,CMI,1.0,2.0
1/3/2008,CMI,1.0,2.0
4/24/1973,JPM,1.0,2.0
1/16/1985,JPM,1.0,2.0
1/16/1987,JPM,1.0,2.0
4/3/1990,JEC,1.0,2.0
5/29/1991,JEC,1.0,2.0
4/2/2002,JEC,1.0,2.0
3/16/2007,JEC,1.0,2.0
8/13/1990,AMGN,1.0,2.0
9/11/1991,AMGN,1.0,3.0
8/16/1995,AMGN,1.0,2.0
3/1/1999,AMGN,1.0,2.0
11/22/1999,AMGN,1.0,2.0
4/1/2005,COG,2.0,3.0
4/2/2007,COG,1.0,2.0
1/26/2012,COG,1.0,2.0
8/15/2013,COG,1.0,2.0
11/25/1992,EMC,2.0,3.0
6/8/1993,EMC,1.0,2.0
12/13/1993,EMC,1.0,2.0
11/18/1997,EMC,1.0,2.0
6/1/1999,EMC,1.0,2.0
6/5/2000,EMC,1.0,2.0
6/2/1998,AMZN,1.0,2.0
1/5/1999,AMZN,1.0,3.0
9/2/1999,AMZN,1.0,2.0
8/25/2008,ALXN,1.0,2.0
5/23/2011,ALXN,1.0,2.0
6/13/1997,CAM,1.0,2.0
12/16/2005,CAM,1.0,2.0
12/31/2007,CAM,1.0,2.0
6/29/1992,LOW,1.0,2.0
4/4/1994,LOW,1.0,2.0
6/29/1998,LOW,1.0,2.0
7/2/2001,LOW,1.0,2.0
7/3/2006,LOW,1.0,2.0
7/1/1982,ED,1.0,2.0
7/3/1989,ED,1.0,2.0
4/1/1986,BBY,1.0,2.0
2/23/1987,BBY,2.0,3.0
9/2/1993,BBY,2.0,3.0
4/29/1994,BBY,1.0,2.0
5/27/1998,BBY,1.0,2.0
3/19/1999,BBY,1.0,2.0
5/13/2002,BBY,2.0,3.0
8/4/2005,BBY,2.0,3.0
10/18/1989,SYY,1.0,2.0
6/22/1992,SYY,1.0,2.0
3/23/1998,SYY,1.0,2.0
12/18/2000,SYY,1.0,2.0
7/27/1987,PEG,2.0,3.0
2/5/2008,PEG,1.0,2.0
1/3/2005,CLF,1.0,2.0
7/3/2006,CLF,1.0,2.0
5/16/2008,CLF,1.0,2.0
2/21/1990,HRL,1.0,2.0
2/16/2000,HRL,1.0,2.0
2/15/2011,HRL,1.0,2.0
8/25/1993,MHK,2.0,3.0
12/5/1997,MHK,2.0,3.0
9/9/1983,LMT,1.0,3.0
3/16/1995,LMT,100.0,163.0
1/4/1999,LMT,1.0,2.0
6/27/1977,F,4.0,5.0
12/2/1983,F,2.0,3.0
6/3/1986,F,2.0,3.0
1/13/1988,F,1.0,2.0
7/6/1994,F,1.0,2.0
8/3/2000,F,1000000.0,1748175.0
4/8/1998,F,6641.0,10000.0
6/29/2000,F,9607.0,10000.0
9/16/1986,HSY,1.0,3.0
9/16/1996,HSY,1.0,2.0
6/16/2004,HSY,1.0,2.0
6/16/1992,LEG,1.0,2.0
9/18/1995,LEG,1.0,2.0
6/16/1998,LEG,1.0,2.0
6/14/1971,MCD,2.0,3.0
6/6/1972,MCD,1.0,2.0
10/7/1982,MCD,2.0,3.0
9/25/1984,MCD,2.0,3.0
6/26/1986,MCD,2.0,3.0
6/23/1987,MCD,2.0,3.0
6/19/1989,MCD,1.0,2.0
6/27/1994,MCD,1.0,2.0
3/8/1999,MCD,1.0,2.0
11/18/1986,AIG,1.0,2.0
7/23/1990,AIG,4.0,5.0
7/30/1993,AIG,2.0,3.0
7/31/1995,AIG,2.0,3.0
7/28/1997,AIG,2.0,3.0
8/3/1998,AIG,2.0,3.0
8/2/1999,AIG,4.0,5.0
7/31/2000,AIG,2.0,3.0
7/1/2009,AIG,20.0,1.0
3/1/1993,RF,10.0,11.0
7/20/1976,RF,100.0,105.0
1/20/1978,RF,100.0,105.0
8/1/1979,RF,10.0,11.0
6/4/1984,RF,1.0,2.0
6/2/1986,RF,1.0,2.0
7/1/2004,RF,10000.0,12346.0
5/21/1992,HCP,1.0,2.0
3/2/2004,HCP,1.0,2.0
8/3/1992,MYL,1.0,2.0
8/16/1995,MYL,2.0,3.0
1/28/2003,MYL,2.0,3.0
10/9/2003,MYL,2.0,3.0
9/22/1987,HD,2.0,3.0
7/3/1989,HD,2.0,3.0
7/6/1990,HD,2.0,3.0
6/26/1991,HD,2.0,3.0
7/2/1992,HD,2.0,3.0
4/14/1993,HD,3.0,4.0
7/7/1997,HD,2.0,3.0
7/6/1998,HD,1.0,2.0
12/31/1999,HD,2.0,3.0
1/20/1982,HD,2.0,3.0
5/11/1982,HD,4.0,5.0
12/8/1982,HD,1.0,2.0
6/9/1983,HD,1.0,2.0
10/23/1990,GPS,1.0,2.0
7/23/1991,GPS,1.0,2.0
4/11/1996,GPS,1.0,2.0
12/23/1997,GPS,2.0,3.0
12/1/1998,GPS,2.0,3.0
6/22/1999,GPS,2.0,3.0
6/1/2001,DGX,1.0,2.0
6/21/2005,DGX,1.0,2.0
1/26/1993,EQT,2.0,3.0
6/12/2001,EQT,1.0,2.0
9/2/2005,EQT,1.0,2.0
12/19/1997,NTAP,1.0,2.0
12/22/1998,NTAP,1.0,2.0
12/21/1999,NTAP,1.0,2.0
3/23/2000,NTAP,1.0,2.0
3/18/1991,CSCO,1.0,2.0
3/23/1992,CSCO,1.0,2.0
3/22/1993,CSCO,1.0,2.0
3/21/1994,CSCO,1.0,2.0
2/20/1996,CSCO,1.0,2.0
12/17/1997,CSCO,2.0,3.0
9/16/1998,CSCO,2.0,3.0
6/22/1999,CSCO,1.0,2.0
3/23/2000,CSCO,1.0,2.0
10/17/1996,DNR,2.0,1.0
11/8/2005,DNR,1.0,2.0
12/17/2007,DNR,1.0,2.0
9/21/1983,NUE,1.0,2.0
6/18/1986,NUE,2.0,3.0
6/22/1992,NUE,1.0,2.0
9/20/1993,NUE,1.0,2.0
10/18/2004,NUE,1.0,2.0
6/1/2006,NUE,1.0,2.0
1/11/1993,LUK,1.0,2.0
11/16/1995,LUK,1.0,2.0
1/3/2005,LUK,2.0,3.0
6/15/2006,LUK,1.0,2.0
2/26/2013,LUK,1000.0,1027.0
6/14/1993,PNR,1.0,2.0
2/20/1996,PNR,1.0,2.0
6/9/2004,PNR,1.0,2.0
2/3/1992,AZO,1.0,2.0
4/21/1994,AZO,1.0,2.0
3/6/1997,ROST,1.0,2.0
9/23/1999,ROST,1.0,2.0
12/19/2003,ROST,1.0,2.0
12/16/2011,ROST,1.0,2.0
7/17/1989,TIF,2.0,3.0
7/24/1996,TIF,1.0,2.0
7/22/1999,TIF,1.0,2.0
7/21/2000,TIF,1.0,2.0
10/10/1991,PVH,1.0,2.0
6/17/1987,PVH,2.0,5.0
7/16/1990,IGT,1.0,2.0
8/23/1991,IGT,1.0,2.0
3/25/1992,IGT,1.0,2.0
3/18/1993,IGT,1.0,2.0
7/3/2003,IGT,1.0,4.0
6/27/1994,ESRX,1.0,2.0
11/2/1998,ESRX,1.0,2.0
6/25/2001,ESRX,1.0,2.0
6/27/2005,ESRX,1.0,2.0
6/25/2007,ESRX,1.0,2.0
6/8/2010,ESRX,1.0,2.0
9/2/1997,YHOO,2.0,3.0
8/3/1998,YHOO,1.0,2.0
2/8/1999,YHOO,1.0,2.0
2/14/2000,YHOO,1.0,2.0
5/12/2004,YHOO,1.0,2.0
5/18/1998,CI,1.0,3.0
6/5/2007,CI,1.0,3.0
6/1/1999,VRSN,1.0,2.0
12/7/1999,VRSN,1.0,2.0
3/2/1999,EBAY,1.0,3.0
5/25/2000,EBAY,1.0,2.0
8/29/2003,EBAY,1.0,2.0
2/17/2005,EBAY,1.0,2.0
2/18/1999,BRCM,1.0,2.0
2/14/2000,BRCM,1.0,2.0
2/22/2006,BRCM,2.0,3.0
9/23/1980,LUV,2.0,3.0
10/23/1981,LUV,4.0,5.0
1/24/1983,LUV,1.0,2.0
1/30/1984,LUV,4.0,5.0
8/30/1990,LUV,2.0,3.0
7/16/1992,LUV,1.0,2.0
7/16/1993,LUV,2.0,3.0
11/28/1997,LUV,2.0,3.0
8/21/1998,LUV,2.0,3.0
7/20/1999,LUV,2.0,3.0
2/16/2001,LUV,2.0,3.0
2/3/1994,CMCSK,2.0,3.0
5/6/1999,CMCSK,1.0,2.0
2/22/2007,CMCSK,2.0,3.0
6/18/2002,YUM,1.0,2.0
6/27/2007,YUM,1.0,2.0
7/9/1993,BBBY,1.0,2.0
5/1/1996,BBBY,1.0,2.0
8/3/1998,BBBY,1.0,2.0
8/14/2000,BBBY,1.0,2.0
6/29/1979,DD,1.0,3.0
1/22/1990,DD,1.0,3.0
6/13/1997,DD,1.0,2.0
3/18/1994,VAR,1.0,2.0
4/5/1999,VAR,1.0,2.0
1/16/2002,VAR,1.0,2.0
8/2/2004,VAR,1.0,2.0
6/20/1994,FTR,2.0,3.0
6/26/1996,FTR,10.0,11.0
7/22/1997,FTR,1.0,2.0
6/29/1998,FTR,10.0,11.0
3/4/1990,FTR,10000.0,10133.0
6/4/1990,FTR,10000.0,10133.0
9/4/1990,FTR,10000.0,10133.0
11/22/1990,FTR,10000.0,10240.0
2/27/1991,FTR,100.0,102.0
5/28/1991,FTR,10000.0,10190.0
8/30/1991,FTR,10000.0,10190.0
12/2/1991,FTR,10000.0,10190.0
2/25/1992,FTR,10000.0,10160.0
5/26/1992,FTR,10000.0,10150.0
8/28/1992,FTR,10000.0,10120.0
11/24/1992,FTR,10000.0,10120.0
2/23/1993,FTR,10000.0,10120.0
5/25/1993,FTR,10000.0,10100.0
9/7/1993,FTR,10000.0,10110.0
11/24/1993,FTR,10000.0,10100.0
2/23/1994,FTR,10000.0,10110.0
5/25/1994,FTR,10000.0,10115.0
8/26/1994,FTR,10000.0,10300.0
11/25/1994,FTR,10000.0,10140.0
2/23/1995,FTR,10000.0,10150.0
5/25/1995,FTR,10000.0,10150.0
8/30/1995,FTR,10000.0,10160.0
11/29/1995,FTR,10000.0,10160.0
2/28/1996,FTR,10000.0,10160.0
5/29/1996,FTR,10000.0,10160.0
8/28/1996,FTR,10000.0,10160.0
11/27/1996,FTR,10000.0,10160.0
2/26/1997,FTR,10000.0,10160.0
5/29/1997,FTR,10000.0,10160.0
8/27/1997,FTR,10000.0,10100.0
11/27/1997,FTR,10000.0,10100.0
5/28/1998,FTR,10000.0,10075.0
11/27/1998,FTR,10000.0,10075.0
9/18/1995,DHI,5.0,7.0
9/14/2000,DHI,100.0,109.0
3/7/2001,DHI,100.0,111.0
4/10/2002,DHI,2.0,3.0
1/13/2004,DHI,2.0,3.0
3/17/2005,DHI,3.0,4.0
5/24/1994,DHI,100.0,106.0
5/6/1996,DHI,100.0,108.0
8/25/1993,DHI,100.0,105.0
5/24/1995,DHI,100.0,109.0
8/20/1992,TMK,2.0,3.0
8/4/1997,TMK,1.0,2.0
7/5/2011,TMK,2.0,3.0
7/2/2014,TMK,2.0,3.0
9/9/1988,CAH,10.0,11.0
10/2/1989,CAH,4.0,5.0
10/1/1990,CAH,4.0,5.0
10/1/1991,CAH,4.0,5.0
7/1/1994,CAH,4.0,5.0
12/17/1996,CAH,2.0,3.0
11/2/1998,CAH,2.0,3.0
4/23/2001,CAH,2.0,3.0
6/2/1998,PHM,1.0,2.0
1/5/2004,PHM,1.0,2.0
9/2/2005,PHM,1.0,2.0
2/4/1974,AA,2.0,3.0
2/23/1981,AA,1.0,2.0
2/27/1995,AA,1.0,2.0
2/26/1999,AA,1.0,2.0
6/12/2000,AA,1.0,2.0
1/4/2011,MSI,40425.0,10000.0
12/3/2004,MSI,895.0,1000.0
3/17/2000,CTSH,1.0,2.0
4/2/2003,CTSH,1.0,3.0
6/18/2004,CTSH,1.0,2.0
10/17/2007,CTSH,1.0,2.0
3/10/2014,CTSH,1.0,2.0
2/1/1994,AES,2.0,3.0
8/29/1997,AES,1.0,2.0
6/2/2000,AES,1.0,2.0
10/1/2007,NOV,1.0,2.0
6/2/2014,NOV,1000.0,1109.0
7/16/1991,LIFE,2.0,3.0
12/18/2003,LIFE,1.0,2.0
11/27/1992,ARG,1.0,2.0
11/26/1993,ARG,1.0,2.0
4/16/1996,ARG,1.0,2.0
5/11/1992,PKI,1.0,2.0
6/4/2001,PKI,1.0,2.0
5/30/2003,FLIR,1.0,2.0
2/3/2005,FLIR,1.0,2.0
12/11/2007,FLIR,1.0,2.0
3/30/1987,ADSK,1.0,3.0
10/31/1994,ADSK,1.0,2.0
4/19/2002,ADSK,1.0,2.0
12/21/2004,ADSK,1.0,2.0
4/26/2000,APH,1.0,2.0
3/30/2004,APH,1.0,2.0
4/2/2007,APH,1.0,2.0
10/10/2014,APH,1.0,2.0
7/2/1998,APC,1.0,2.0
5/30/2006,APC,1.0,2.0
4/10/1984,GPC,2.0,3.0
5/28/1987,GPC,2.0,3.0
4/20/1992,GPC,2.0,3.0
4/15/1997,GPC,2.0,3.0
3/1/1994,SO,1.0,2.0
4/3/2001,SO,6109.0,10000.0
9/20/2000,HAR,1.0,2.0
12/5/2003,HAR,1.0,2.0
1/24/1992,D,2.0,3.0
11/20/2007,D,1.0,2.0
6/3/2002,SRCL,1.0,2.0
6/1/2007,SRCL,1.0,2.0
1/3/1991,SIAL,1.0,2.0
1/3/1997,SIAL,1.0,2.0
1/3/2007,SIAL,1.0,2.0
9/2/1997,ORLY,1.0,2.0
12/1/1999,ORLY,1.0,2.0
6/16/2005,ORLY,1.0,2.0
1/18/2000,JNPR,1.0,3.0
6/16/2000,JNPR,1.0,2.0
6/4/1979,AET,2.0,3.0
12/14/2000,AET,1.0,2.0
3/14/2005,AET,1.0,2.0
2/21/2006,AET,1.0,2.0
6/18/2002,HCBK,1.0,2.0
6/7/2005,HCBK,1000.0,3206.0
10/2/1985,BLL,1.0,2.0
2/25/2002,BLL,1.0,2.0
8/24/2004,BLL,1.0,2.0
2/16/2011,BLL,1.0,2.0
3/10/1992,UNM,1.0,2.0
6/3/1997,UNM,1.0,2.0
1/21/1992,MKC,1.0,2.0
4/9/2002,MKC,1.0,2.0
6/3/1991,VNO,1.0,5.0
3/26/1993,VNO,2.0,3.0
10/21/1997,VNO,1.0,2.0
1/16/2015,VNO,1000.0,1104.0
7/11/1991,SPLS,2.0,3.0
12/14/1993,SPLS,2.0,3.0
10/31/1994,SPLS,2.0,3.0
7/25/1995,SPLS,2.0,3.0
3/26/1996,SPLS,2.0,3.0
2/2/1998,SPLS,2.0,3.0
1/29/1999,SPLS,2.0,3.0
4/18/2005,SPLS,2.0,3.0
5/8/1987,CA,1.0,2.0
6/19/1989,CA,1.0,2.0
9/6/1995,CA,2.0,3.0
7/16/1996,CA,2.0,3.0
11/28/1997,CA,2.0,3.0
3/13/1987,C,1.0,2.0
3/1/1993,C,2.0,3.0
8/30/1993,C,3.0,4.0
5/28/1996,C,2.0,3.0
11/25/1996,C,3.0,4.0
11/20/1997,C,2.0,3.0
6/1/1999,C,2.0,3.0
8/28/2000,C,3.0,4.0
5/9/2011,C,10.0,1.0
8/3/1998,IRM,2.0,3.0
1/2/2002,IRM,2.0,3.0
7/1/2004,IRM,2.0,3.0
1/3/2007,IRM,2.0,3.0
9/26/2014,IRM,1000.0,1082.0
9/15/2005,NBL,1.0,2.0
5/29/2013,NBL,1.0,2.0
6/16/1989,IPG,2.0,3.0
6/16/1992,IPG,1.0,2.0
7/16/1997,IPG,2.0,3.0
7/16/1999,IPG,1.0,2.0
6/27/2000,NVDA,1.0,2.0
9/17/2001,NVDA,1.0,2.0
4/7/2006,NVDA,1.0,2.0
9/11/2007,NVDA,2.0,3.0
5/29/1979,KR,1.0,2.0
10/1/1986,KR,1.0,2.0
4/23/1997,KR,1.0,2.0
6/29/1999,KR,1.0,2.0
3/1/1991,FRX,1.0,2.0
3/26/1998,FRX,1.0,2.0
1/12/2001,FRX,1.0,2.0
1/9/2003,FRX,1.0,2.0
5/29/1987,TXT,1.0,2.0
6/2/1997,TXT,1.0,2.0
8/27/2007,TXT,1.0,2.0
6/2/1986,BCR,1.0,2.0
10/3/1988,BCR,1.0,2.0
6/1/2004,BCR,1.0,2.0
1/28/1985,HAS,2.0,5.0
8/15/1986,HAS,1.0,2.0
3/17/1992,HAS,2.0,3.0
3/24/1997,HAS,2.0,3.0
3/16/1999,HAS,2.0,3.0
3/31/2005,BTU,1.0,2.0
2/23/2006,BTU,1.0,2.0
5/16/1997,PBCT,2.0,3.0
5/17/2004,PBCT,2.0,3.0
5/16/2005,PBCT,2.0,3.0
4/16/2007,PBCT,10.0,21.0
2/26/1992,LEN,1.0,2.0
4/21/1994,LEN,2.0,3.0
1/21/2004,LEN,1.0,2.0
7/5/2002,COH,1.0,2.0
10/2/2003,COH,1.0,2.0
4/5/2005,COH,1.0,2.0
8/15/2006,RAI,1.0,2.0
11/16/2010,RAI,1.0,2.0
6/5/1996,CTXS,1.0,2.0
2/23/1998,CTXS,2.0,3.0
3/26/1999,CTXS,1.0,2.0
2/17/2000,CTXS,1.0,2.0
9/29/1997,HRS,1.0,2.0
3/31/2005,HRS,1.0,2.0
5/11/2009,HRS,9448.0,10000.0
8/13/1984,EIX,1.0,2.0
6/22/1993,EIX,1.0,2.0
6/28/1993,LNC,1.0,2.0
6/22/1999,LNC,1.0,2.0
5/26/1987,KMB,1.0,2.0
1/3/1992,KMB,1.0,2.0
4/3/1997,KMB,1.0,2.0
11/3/2014,KMB,1000.0,1043.0
4/30/1996,KSS,1.0,2.0
4/28/1998,KSS,1.0,2.0
4/25/2000,KSS,1.0,2.0
3/13/1989,VMC,1.0,4.0
3/11/1999,VMC,1.0,3.0
9/16/1992,UNH,1.0,2.0
3/11/1994,UNH,1.0,2.0
12/26/2000,UNH,1.0,2.0
6/19/2003,UNH,1.0,2.0
5/31/2005,UNH,1.0,2.0
6/12/2006,MAR,1.0,2.0
6/23/2009,MAR,1000.0,1004.0
8/18/2009,MAR,1000.0,1004.0
11/17/2009,MAR,1000.0,1003.0
11/22/2011,MAR,1000.0,1061.0
6/13/1983,DNB,1.0,2.0
6/10/1987,DNB,1.0,2.0
10/3/2000,DNB,1.0,2.0
5/28/1992,CF,2.0,3.0
11/22/1993,CF,2.0,3.0
10/15/1997,CF,100.0,105.0
5/21/1998,CF,1.0,2.0
9/10/1998,CF,100.0,105.0
9/10/1999,CF,100.0,105.0
9/12/2000,CF,100.0,105.0
9/17/2001,CF,100.0,105.0
9/11/2002,CF,100.0,105.0
5/18/1992,CINF,1.0,3.0
5/18/1998,CINF,1.0,3.0
4/28/2004,CINF,100.0,105.0
4/4/2005,CINF,100.0,105.0
3/13/1995,CINF,100.0,105.0
3/13/1996,CINF,100.0,105.0
5/20/1986,MAS,1.0,2.0
7/13/1998,MAS,1.0,2.0
12/11/2000,V,5.0,1.0
3/19/2015,V,1.0,4.0
2/22/1979,USB,4.0,5.0
4/16/1985,USB,1.0,2.0
4/17/1989,USB,1.0,2.0
1/16/1997,USB,1.0,3.0
4/16/1999,USB,1.0,3.0
5/1/1990,STJ,1.0,2.0
11/17/1995,STJ,2.0,3.0
7/1/2002,STJ,1.0,2.0
11/23/2004,STJ,1.0,2.0
3/1/1990,OKE,1.0,2.0
6/12/2001,OKE,1.0,2.0
6/4/2012,OKE,1.0,2.0
2/3/2014,OKE,10000.0,11422.0
7/6/2000,CRM,20.0,1.0
4/18/2013,CRM,1.0,4.0
6/1/1977,KO,1.0,2.0
7/1/1986,KO,1.0,3.0
5/14/1990,KO,1.0,2.0
5/12/1992,KO,1.0,2.0
5/13/1996,KO,1.0,2.0
8/13/2012,KO,1.0,2.0
2/19/1965,KO,1.0,2.0
5/19/1965,KO,1.0,2.0
6/3/1968,KO,1.0,2.0
8/31/1989,MDT,1.0,2.0
8/30/1991,MDT,1.0,2.0
9/30/1994,MDT,1.0,2.0
9/29/1995,MDT,1.0,2.0
9/15/1997,MDT,1.0,2.0
9/27/1999,MDT,1.0,2.0
6/3/1999,EL,1.0,2.0
1/23/2012,EL,1.0,2.0
11/18/1991,MAT,4.0,5.0
6/3/1992,MAT,2.0,3.0
1/10/1994,MAT,4.0,5.0
1/23/1995,MAT,4.0,5.0
3/4/1996,MAT,4.0,5.0
12/2/1997,HSP,1.0,2.0
6/16/2000,HSP,1.0,2.0
1/23/1995,DHR,1.0,2.0
6/1/1998,DHR,1.0,2.0
5/21/2004,DHR,1.0,2.0
6/14/2010,DHR,1.0,2.0
12/18/1962,DIS,100.0,103.0
3/1/1971,DIS,1.0,2.0
1/16/1973,DIS,1.0,2.0
3/6/1986,DIS,1.0,4.0
5/18/1992,DIS,1.0,4.0
7/10/1998,DIS,1.0,3.0
11/16/1967,DIS,1.0,2.0
6/13/2007,DIS,1000.0,1014.0
11/25/1992,LLTC,1.0,2.0
9/5/1995,LLTC,1.0,2.0
2/22/1999,LLTC,1.0,2.0
3/28/2000,LLTC,1.0,2.0
1/2/1987,JCI,1.0,2.0
4/1/1997,JCI,1.0,2.0
1/5/2004,JCI,1.0,2.0
10/3/2007,JCI,1.0,3.0
6/16/2004,DVA,2.0,3.0
9/9/2013,DVA,1.0,2.0
4/22/1996,DLTR,2.0,3.0
7/22/1997,DLTR,2.0,3.0
6/30/1998,DLTR,2.0,3.0
6/20/2000,DLTR,2.0,3.0
6/25/2010,DLTR,2.0,3.0
6/27/2012,DLTR,1.0,2.0
